Date,Open,High,Low,Close,Volume,High_Low_Diff,Close_Change
"Dec 29, 2023",255.10,255.19,247.43,248.48,"100,615,300",7.759999999999991,
"Dec 28, 2023",263.66,265.13,252.71,253.18,"113,619,900",12.419999999999987,1.8915003219575066
"Dec 27, 2023",258.35,263.34,257.52,261.44,"106,494,400",5.819999999999993,3.262500987439765
"Dec 26, 2023",254.49,257.97,252.91,256.61,"86,892,400",5.060000000000031,-1.847460220318231
"Dec 22, 2023",256.76,258.22,251.37,252.54,"93,249,800",6.850000000000023,-1.5860644557889492
"Dec 21, 2023",251.90,254.8,248.55,254.5,"109,594,200",6.25,0.7761146749029946
"Dec 20, 2023",256.41,259.84,247.0,247.14,"125,097,000",12.839999999999975,-2.89194499017682
"Dec 19, 2023",253.48,258.34,253.01,257.22,"106,737,400",5.329999999999984,4.078659868900236
"Dec 18, 2023",253.78,258.74,251.36,252.08,"116,416,500",7.3799999999999955,-1.9982894020682762
"Dec 15, 2023",251.21,254.13,248.3,253.5,"135,720,800",5.829999999999984,0.5633132338940028
"Dec 14, 2023",241.22,253.88,240.79,251.05,"160,829,200",13.090000000000003,-0.9664694280078878
"Dec 13, 2023",234.19,240.3,228.2,239.29,"146,286,300",12.100000000000023,-4.684325831507675
"Dec 12, 2023",238.55,238.99,233.87,237.01,"95,328,300",5.1200000000000045,-0.9528187554849743
"Dec 11, 2023",242.74,243.44,237.45,239.74,"97,913,900",5.990000000000009,1.1518501329057962
"Dec 8, 2023",240.27,245.27,239.27,243.84,"102,980,100",6.0,1.7101860348710973
"Dec 7, 2023",241.55,244.08,236.98,242.64,"107,142,300",7.100000000000023,-0.49212598425197873
"Dec 6, 2023",242.92,246.57,239.17,239.37,"126,436,200",7.400000000000006,-1.3476755687438113
"Dec 5, 2023",233.87,246.66,233.7,238.72,"137,971,100",12.960000000000008,-0.2715461419559695
"Dec 4, 2023",235.75,239.37,233.29,235.58,"104,099,800",6.0800000000000125,-1.3153485254691621
"Dec 1, 2023",233.14,240.19,231.9,238.83,"121,173,500",8.289999999999992,1.3795738178113526
"Nov 30, 2023",245.14,245.22,236.91,240.08,"132,353,200",8.310000000000002,0.5233848344010417
"Nov 29, 2023",249.21,252.75,242.76,244.14,"135,401,300",9.990000000000009,1.691102965678093
"Nov 28, 2023",236.68,247.0,234.01,246.72,"148,549,900",12.990000000000009,1.05677070533301
"Nov 27, 2023",236.89,238.33,232.1,236.08,"112,031,800",6.230000000000018,-4.3125810635538215
"Nov 24, 2023",233.75,238.75,232.33,235.45,"65,125,200",6.4199999999999875,-0.26685869196882983
"Nov 22, 2023",242.04,244.01,231.4,234.21,"117,950,600",12.609999999999985,-0.5266510936504432
"Nov 21, 2023",235.04,243.62,233.34,241.2,"122,288,000",10.280000000000001,2.984501088766489
"Nov 20, 2023",234.04,237.1,231.02,235.6,"116,320,100",6.079999999999984,-2.321724709784412
"Nov 17, 2023",232.00,237.39,226.54,234.3,"142,532,800",10.849999999999994,-0.5517826825127248
"Nov 16, 2023",239.49,240.88,230.96,233.59,"136,816,800",9.919999999999987,-0.303030303030305
"Nov 15, 2023",239.29,246.7,236.45,242.84,"150,354,000",10.25,3.959929791515049
"Nov 14, 2023",235.03,238.14,230.72,237.41,"149,771,600",7.4199999999999875,-2.2360401910723082
"Nov 13, 2023",215.60,225.4,211.61,223.71,"140,447,600",13.789999999999992,-5.770607809275086
"Nov 10, 2023",210.03,215.38,205.69,214.65,"130,994,000",9.689999999999998,-4.049886013142013
"Nov 9, 2023",219.75,220.8,206.68,209.98,"142,110,500",14.120000000000005,-2.17563475425111
"Nov 8, 2023",223.15,224.15,217.64,222.11,"106,584,800",6.510000000000019,5.776740641965916
"Nov 7, 2023",219.98,223.12,215.72,222.18,"116,900,100",7.400000000000006,0.03151591553733901
"Nov 6, 2023",223.98,226.32,215.0,219.27,"117,335,800",11.319999999999993,-1.3097488522819334
"Nov 3, 2023",221.15,226.37,218.4,219.96,"119,281,000",7.969999999999999,0.3146805308523737
"Nov 2, 2023",212.97,219.2,211.45,218.51,"125,987,600",7.75,-0.659210765593754
"Nov 1, 2023",204.04,205.99,197.85,205.66,"121,661,700",8.140000000000015,-5.880737723673968
"Oct 31, 2023",196.12,202.8,194.07,200.84,"118,068,300",8.730000000000018,-2.343674025089948
"Oct 30, 2023",209.28,210.88,194.67,197.36,"136,448,200",16.210000000000008,-1.7327225652260414
"Oct 27, 2023",210.60,212.41,205.77,207.3,"94,881,200",6.639999999999986,5.036481556546413
"Oct 26, 2023",211.32,214.8,204.88,205.76,"115,112,600",9.920000000000016,-0.742884708152447
"Oct 25, 2023",215.88,220.1,212.2,212.42,"107,065,100",7.900000000000006,3.23678071539657
"Oct 24, 2023",216.50,222.05,214.11,216.52,"118,231,100",7.939999999999998,1.9301384050466108
"Oct 23, 2023",210.00,216.98,202.51,212.08,"150,683,400",14.469999999999999,-2.050618880472932
"Oct 20, 2023",217.01,218.86,210.42,211.99,"137,734,000",8.440000000000026,-0.04243681629574336
"Oct 19, 2023",225.95,230.61,216.78,220.11,"170,772,700",13.830000000000013,3.830369357045149
"Oct 18, 2023",252.70,254.63,242.08,242.68,"125,147,800",12.549999999999983,10.25396392712734
"Oct 17, 2023",250.10,257.18,247.08,254.85,"93,562,900",10.099999999999994,5.014834349760999
"Oct 16, 2023",250.05,255.4,248.48,253.92,"88,917,200",6.920000000000016,-0.3649205414949952
"Oct 13, 2023",258.90,259.6,250.22,251.12,"102,073,800",9.380000000000024,-1.1027095148078092
"Oct 12, 2023",262.92,265.41,256.63,258.87,"111,508,100",8.78000000000003,3.0861739407454625
"Oct 11, 2023",266.20,268.6,260.9,262.99,"103,706,300",7.7000000000000455,1.5915324294047295
"Oct 10, 2023",257.75,268.94,257.65,263.62,"122,656,000",11.29000000000002,0.23955283470853406
"Oct 9, 2023",255.31,261.36,252.05,259.67,"101,377,900",9.310000000000002,-1.4983688642743354
"Oct 6, 2023",253.98,261.65,250.65,260.53,"117,947,000",10.999999999999972,0.3311895867831982
"Oct 5, 2023",260.00,263.6,256.25,260.05,"119,159,200",7.350000000000023,-0.18423981883083362
"Oct 4, 2023",248.14,261.86,247.6,261.16,"129,721,600",14.26000000000002,0.42684099211689475
"Oct 3, 2023",248.61,250.02,244.45,246.53,"101,985,300",5.570000000000022,-5.601929851432086
"Oct 2, 2023",244.81,254.28,242.62,251.6,"123,810,400",11.659999999999997,2.0565448424126886
"Sep 29, 2023",250.00,254.77,246.35,250.22,"128,346,200",8.420000000000016,-0.54848966613672
"Sep 28, 2023",240.02,247.55,238.65,246.38,"117,058,900",8.900000000000006,-1.534649508432584
"Sep 27, 2023",244.26,245.33,234.58,240.5,"136,597,200",10.75,-2.386557350434282
"Sep 26, 2023",242.98,249.55,241.66,244.12,"101,993,600",7.890000000000015,1.5051975051975086
"Sep 25, 2023",243.38,247.1,238.31,246.99,"104,636,600",8.789999999999992,1.1756513190234408
"Sep 22, 2023",257.40,257.79,244.48,244.88,"127,524,100",13.31000000000003,-0.8542855986072406
"Sep 21, 2023",257.85,260.86,254.21,255.7,"119,531,000",6.650000000000006,4.418490689317212
"Sep 20, 2023",267.04,273.93,262.46,262.59,"122,514,600",11.470000000000027,2.6945639421196654
"Sep 19, 2023",264.35,267.85,261.2,266.5,"103,704,000",6.650000000000034,1.4890132906812958
"Sep 18, 2023",271.16,271.44,263.76,265.28,"101,543,300",7.680000000000007,-0.4577861163227115
"Sep 15, 2023",277.55,278.98,271.0,274.39,"133,422,800",7.980000000000018,3.434107358262972
"Sep 14, 2023",271.32,276.71,270.42,276.04,"107,709,800",6.289999999999964,0.6013338678523494
"Sep 13, 2023",270.07,274.98,268.1,271.3,"111,673,700",6.8799999999999955,-1.7171424431241866
"Sep 12, 2023",270.76,278.39,266.6,267.48,"135,999,900",11.789999999999964,-1.408035385182449
"Sep 11, 2023",264.27,274.85,260.61,273.58,"174,667,900",14.240000000000009,2.2805443397637015
"Sep 8, 2023",251.22,256.52,246.67,248.5,"118,367,700",9.849999999999994,-9.167336793625259
"Sep 7, 2023",245.07,252.81,243.27,251.49,"115,312,900",9.539999999999992,1.2032193158953763
"Sep 6, 2023",255.14,255.39,245.06,251.92,"116,959,800",10.329999999999984,0.17098095351701925
"Sep 5, 2023",245.00,258.0,244.86,256.49,"129,469,600",13.139999999999986,1.814067958081944
"Sep 1, 2023",257.26,259.08,242.01,245.01,"132,272,500",17.069999999999993,-4.47580802370463
"Aug 31, 2023",255.98,261.18,255.05,258.08,"108,861,700",6.1299999999999955,5.3344761438308685
"Aug 30, 2023",254.20,260.51,250.59,256.9,"121,988,400",9.919999999999987,-0.45722256664599836
"Aug 29, 2023",238.58,257.48,237.77,257.18,"134,047,600",19.710000000000008,0.10899182561308063
"Aug 28, 2023",242.58,244.38,235.35,238.82,"107,673,700",9.030000000000001,-7.138968815615532
"Aug 25, 2023",231.31,239.0,230.35,238.59,"106,612,200",8.650000000000006,-0.09630684197302619
"Aug 24, 2023",238.66,238.92,228.18,230.04,"99,777,400",10.73999999999998,-3.583553376084503
"Aug 23, 2023",229.34,238.98,229.29,236.86,"101,077,600",9.689999999999998,2.964701790992885
"Aug 22, 2023",240.25,240.82,229.55,233.19,"130,597,900",11.269999999999982,-1.5494384868698918
"Aug 21, 2023",221.55,232.13,220.58,231.28,"135,702,700",11.549999999999983,-0.8190745743814065
"Aug 18, 2023",214.12,217.58,212.36,215.49,"135,813,700",5.219999999999999,-6.827222414389478
"Aug 17, 2023",226.06,226.74,218.83,219.22,"120,718,400",7.909999999999997,1.730938790663128
"Aug 16, 2023",228.02,233.97,225.38,225.6,"112,484,500",8.590000000000003,2.9103184016056938
"Aug 15, 2023",238.73,240.5,232.61,232.96,"88,197,600",7.889999999999986,3.2624113475177463
"Aug 14, 2023",235.70,240.66,233.75,239.76,"98,595,300",6.909999999999997,2.9189560439560447
"Aug 11, 2023",241.77,243.79,238.02,242.65,"98,866,600",5.769999999999982,1.205372038705388
"Aug 10, 2023",245.40,251.8,243.0,245.34,"109,498,600",8.800000000000011,1.1085926231197085
"Aug 9, 2023",250.87,251.1,241.9,242.19,"101,596,300",9.199999999999989,-1.2839325018341952
"Aug 8, 2023",247.45,250.92,245.01,249.7,"96,642,200",5.909999999999997,3.100871216813239
"Aug 7, 2023",251.45,253.65,242.76,251.45,"111,097,900",10.890000000000015,0.7008410092110617
"Aug 4, 2023",260.97,264.77,253.11,253.86,"99,242,600",11.659999999999968,0.9584410419566591
"Aug 3, 2023",252.04,260.49,252.0,259.32,"97,569,100",8.490000000000009,2.1507917749940875
"Aug 2, 2023",255.57,259.52,250.49,254.11,"101,752,900",9.029999999999973,-2.009100724973001
"Aug 1, 2023",266.26,266.47,260.25,261.07,"83,166,000",6.220000000000027,2.7389713116366954
"Jul 31, 2023",267.48,269.08,263.78,267.43,"84,582,200",5.300000000000011,2.4361282414678165
"Jul 28, 2023",259.86,267.25,258.23,266.44,"111,446,000",9.019999999999982,-0.3701903301798648
"Jul 27, 2023",268.31,269.13,255.3,255.71,"103,697,300",13.829999999999984,-4.027173097132564
"Jul 26, 2023",263.25,268.04,261.75,264.35,"95,856,200",6.2900000000000205,3.3788275781158505
"Jul 25, 2023",272.38,272.9,265.0,265.28,"112,757,300",7.899999999999977,0.35180631738223056
"Jul 24, 2023",255.85,269.85,254.12,269.06,"136,508,500",15.730000000000018,1.4249095295536973
"Jul 21, 2023",268.00,268.0,255.8,260.02,"161,050,100",12.199999999999989,-3.359845387645888
"Jul 20, 2023",279.56,280.93,261.2,262.9,"175,158,300",19.730000000000018,1.1076071071455917
"Jul 19, 2023",296.04,299.29,289.52,291.26,"142,355,400",9.770000000000039,10.78737162419172
"Jul 18, 2023",290.15,295.26,286.01,293.34,"112,434,700",9.25,0.7141385703495207
"Jul 17, 2023",286.63,292.23,283.57,290.38,"131,569,600",8.660000000000025,-1.0090679757278176
"Jul 14, 2023",277.01,285.3,276.31,281.38,"119,771,100",8.990000000000009,-3.0993870101246657
"Jul 13, 2023",274.59,279.45,270.6,277.9,"112,681,500",8.849999999999966,-1.236761674603748
"Jul 12, 2023",276.33,276.52,271.46,271.99,"95,672,100",5.060000000000002,-2.126664267722189
"Jul 11, 2023",268.65,270.9,266.37,269.79,"91,972,400",4.529999999999973,-0.8088532666642112
"Jul 10, 2023",276.47,277.52,265.1,269.61,"119,425,400",12.419999999999959,-0.06671855887913081
"Jul 7, 2023",278.43,280.78,273.77,274.43,"113,602,000",7.009999999999991,1.7877675160416828
"Jul 6, 2023",278.09,279.97,272.88,276.54,"120,332,100",7.090000000000032,0.7688663775826221
"Jul 5, 2023",278.82,283.85,277.6,282.48,"131,530,900",6.25,2.1479713603818507
"Jul 3, 2023",276.49,284.25,275.11,279.82,"119,685,900",9.139999999999986,-0.9416595865194055
"Jun 30, 2023",260.60,264.45,259.89,261.77,"112,267,600",4.560000000000002,-6.4505753698806405
"Jun 29, 2023",258.03,260.74,253.61,257.5,"131,283,400",7.1299999999999955,-1.6312029644344195
"Jun 28, 2023",249.70,259.88,248.89,256.24,"159,770,800",10.990000000000009,-0.4893203883495123
"Jun 27, 2023",243.24,250.39,240.85,250.21,"164,968,200",9.539999999999992,-2.35326256634405
"Jun 26, 2023",250.07,258.37,240.7,241.05,"179,990,600",17.670000000000016,-3.660924823148559
"Jun 23, 2023",259.29,262.45,252.8,256.6,"176,584,100",9.649999999999977,6.450943787595942
"Jun 22, 2023",250.77,265.0,248.25,264.61,"166,875,900",16.75,3.121590023382703
"Jun 21, 2023",275.13,276.99,257.78,259.46,"211,797,100",19.210000000000036,-1.9462605343713468
"Jun 20, 2023",261.50,274.75,261.12,274.45,"165,611,200",13.629999999999995,5.777383797117097
"Jun 16, 2023",258.92,263.6,257.21,260.54,"167,563,700",6.390000000000043,-5.068318455091991
"Jun 15, 2023",248.40,258.95,247.29,255.9,"160,171,200",11.659999999999997,-1.7809165579181774
"Jun 14, 2023",260.17,261.57,250.5,256.79,"170,575,500",11.069999999999993,0.34779210629152235
"Jun 13, 2023",253.51,259.68,251.34,258.71,"162,384,300",8.340000000000003,0.7476926671599271
"Jun 12, 2023",247.94,250.97,244.59,249.83,"150,337,900",6.3799999999999955,-3.432414672799644
"Jun 9, 2023",249.07,252.42,242.02,244.4,"199,882,300",10.399999999999977,-2.173477965016213
"Jun 8, 2023",224.22,235.23,223.01,234.86,"164,489,700",12.219999999999999,-3.903436988543363
"Jun 7, 2023",228.00,230.83,223.2,224.57,"185,710,800",7.630000000000024,-4.381333560418977
"Jun 6, 2023",216.14,221.91,212.53,221.31,"146,911,600",9.379999999999995,-1.451663178518947
"Jun 5, 2023",217.80,221.29,214.52,217.61,"151,143,100",6.769999999999982,-1.6718629976051669
"Jun 2, 2023",210.15,217.25,209.75,213.97,"164,129,000",7.5,-1.6727172464500728
"Jun 1, 2023",202.59,209.8,199.37,207.52,"148,029,900",10.430000000000007,-3.0144412768145057
"May 31, 2023",199.78,203.95,195.12,203.93,"150,711,700",8.829999999999984,-1.7299537393986153
"May 30, 2023",200.10,204.48,197.53,201.16,"128,818,700",6.949999999999989,-1.3583092237532512
"May 26, 2023",184.62,198.6,184.53,193.17,"162,061,500",14.069999999999993,-3.971962616822433
"May 25, 2023",186.54,186.78,180.58,184.47,"96,870,700",6.199999999999989,-4.503804938655065
"May 24, 2023",182.23,184.22,178.22,182.9,"137,605,100",6.0,-0.8510868975985186
"May 23, 2023",186.20,192.96,185.26,185.77,"156,952,100",7.700000000000017,1.5691634773099983
"May 22, 2023",180.70,189.32,180.11,188.87,"132,001,400",9.20999999999998,1.6687301501857155
"May 19, 2023",177.17,181.95,176.31,180.14,"136,024,200",5.639999999999986,-4.622226928575223
"May 18, 2023",174.22,177.06,172.45,176.89,"109,520,300",4.610000000000014,-1.8041523259686887
"May 17, 2023",168.41,174.5,167.19,173.86,"125,473,600",7.310000000000002,-1.7129289388885582
"May 16, 2023",165.65,169.52,164.35,166.52,"98,288,800",5.170000000000016,-4.2217876452318
"May 15, 2023",167.66,169.76,164.55,166.35,"105,592,500",5.2099999999999795,-0.10208983905838354
"May 12, 2023",176.07,177.38,167.23,167.98,"157,577,100",10.150000000000006,0.9798617373008689
"May 11, 2023",168.70,173.57,166.79,172.08,"103,889,900",6.780000000000001,2.440766757947399
"May 10, 2023",172.55,174.43,166.68,168.54,"119,840,700",7.75,-2.0571827057182857
"May 9, 2023",168.95,169.82,166.56,169.15,"88,965,000",3.259999999999991,0.361931885605804
"May 8, 2023",173.72,173.8,169.19,171.79,"112,249,400",4.610000000000014,1.5607449009754637
"May 5, 2023",163.97,170.79,163.51,170.06,"107,440,900",7.280000000000001,-1.007043483322656
"May 4, 2023",162.71,162.95,159.65,161.2,"95,108,500",3.299999999999983,-5.209925908502888
"May 3, 2023",160.01,165.0,159.91,160.61,"119,728,000",5.090000000000003,-0.36600496277914285
"May 2, 2023",161.88,165.49,158.93,160.31,"128,259,700",6.560000000000002,-0.18678787124090102
"May 1, 2023",163.17,163.28,158.83,161.83,"109,015,000",4.449999999999989,0.9481629343147668
"Apr 28, 2023",160.90,165.0,157.32,164.31,"122,515,800",7.680000000000007,1.5324723475251822
"Apr 27, 2023",152.64,160.48,152.37,160.19,"127,015,200",8.109999999999985,-2.5074554196336196
"Apr 26, 2023",160.29,160.67,153.14,153.75,"153,364,100",7.530000000000001,-4.020225981646797
"Apr 25, 2023",159.82,163.47,158.75,160.67,"121,999,300",4.719999999999999,4.500813008130078
"Apr 24, 2023",164.65,165.65,158.61,162.55,"140,006,600",7.039999999999992,1.1701002053899456
"Apr 21, 2023",164.80,166.0,161.32,165.08,"123,539,000",4.680000000000007,1.556444171024296
"Apr 20, 2023",166.17,169.7,160.56,162.99,"210,970,800",9.139999999999986,-1.2660528228737644
"Apr 19, 2023",179.10,183.5,177.65,180.59,"125,732,700",5.849999999999994,10.7982084790478
"Apr 18, 2023",187.15,187.69,183.58,184.31,"92,067,000",4.109999999999985,2.0599147239603433
"Apr 17, 2023",186.32,189.69,182.69,187.04,"116,662,200",7.0,1.4812001519179496
"Apr 14, 2023",183.95,186.28,182.01,185.0,"96,438,700",4.27000000000001,-1.0906757912745868
"Apr 13, 2023",182.96,186.5,180.94,185.9,"112,933,000",5.560000000000002,0.4864864864864815
"Apr 12, 2023",190.74,191.58,180.31,180.54,"150,256,300",11.27000000000001,-2.8832705755782784
"Apr 11, 2023",186.69,189.19,185.65,186.79,"115,770,900",3.539999999999992,3.461836712085975
"Apr 10, 2023",179.94,185.1,176.11,184.51,"142,154,600",8.98999999999998,-1.2206220889769304
"Apr 6, 2023",183.08,186.39,179.74,185.06,"123,857,900",6.649999999999977,0.29808682456236024
"Apr 5, 2023",190.52,190.68,183.76,185.52,"133,882,500",6.920000000000016,0.24856803198962663
"Apr 4, 2023",197.32,198.74,190.32,192.58,"126,463,800",8.420000000000016,3.8055196205260877
"Apr 3, 2023",199.91,202.69,192.2,194.77,"169,545,900",10.490000000000009,1.137189739329103
"Mar 31, 2023",197.53,207.79,197.2,207.46,"170,222,100",10.590000000000003,6.515377111464793
"Mar 30, 2023",195.58,197.33,194.42,195.28,"110,252,200",2.910000000000025,-5.871011279282756
"Mar 29, 2023",193.13,195.29,189.44,193.88,"123,660,000",5.849999999999994,-0.7169192953707548
"Mar 28, 2023",192.00,192.35,185.43,189.19,"98,654,600",6.9199999999999875,-2.419022075510624
"Mar 27, 2023",194.42,197.39,189.94,191.81,"120,851,600",7.449999999999989,1.3848512077805353
"Mar 24, 2023",191.65,192.36,187.15,190.41,"116,312,400",5.210000000000008,-0.7298889526093588
"Mar 23, 2023",195.26,199.31,188.65,192.22,"144,193,900",10.659999999999997,0.9505803266635082
"Mar 22, 2023",199.30,200.66,190.95,191.15,"150,376,400",9.710000000000008,-0.5566538341483684
"Mar 21, 2023",188.28,198.0,188.04,197.58,"153,391,400",9.960000000000008,3.363850379283284
"Mar 20, 2023",178.08,186.44,176.35,183.25,"129,684,400",10.090000000000003,-7.252758376353885
"Mar 17, 2023",184.52,186.22,177.33,180.13,"133,197,100",8.889999999999986,-1.7025920873124156
"Mar 16, 2023",180.37,185.81,178.84,184.13,"121,136,800",6.969999999999999,2.2206184422361552
"Mar 15, 2023",180.80,182.34,176.03,180.45,"145,995,600",6.310000000000002,-1.9985879541628226
"Mar 14, 2023",177.31,183.8,177.14,183.26,"143,717,900",6.660000000000025,1.557218065946242
"Mar 13, 2023",167.46,177.35,163.91,174.48,"167,790,300",13.439999999999998,-4.791007312015716
"Mar 10, 2023",175.13,178.29,168.44,173.44,"191,488,900",9.849999999999994,-0.5960568546538259
"Mar 9, 2023",180.25,185.18,172.51,172.92,"170,023,800",12.670000000000016,-0.2998154981549872
"Mar 8, 2023",185.04,186.5,180.0,182.0,"151,897,800",6.5,5.2509831135785445
"Mar 7, 2023",191.38,194.2,186.1,187.71,"148,125,800",8.099999999999994,3.1373626373626395
"Mar 6, 2023",198.54,198.6,192.3,193.81,"128,100,100",6.299999999999983,3.2496936764157436
"Mar 3, 2023",194.80,200.48,192.88,197.79,"154,193,300",7.599999999999994,2.0535576079665496
"Mar 2, 2023",186.74,193.75,186.01,190.9,"181,500,700",7.740000000000009,-3.483492593154347
"Mar 1, 2023",206.21,207.2,198.52,202.77,"156,852,800",8.679999999999978,6.2179151388161324
"Feb 28, 2023",210.59,211.23,203.75,205.71,"153,144,900",7.47999999999999,1.4499186270158226
"Feb 27, 2023",202.03,209.42,201.26,207.63,"161,028,300",8.159999999999997,0.9333527781828721
"Feb 24, 2023",196.33,197.67,192.8,196.88,"142,228,100",4.869999999999976,-5.177479169676824
"Feb 23, 2023",203.91,205.14,196.33,202.07,"146,360,000",8.809999999999974,2.636123527021539
"Feb 22, 2023",197.93,201.99,191.78,200.86,"191,828,500",10.210000000000008,-0.5988023952095745
"Feb 21, 2023",204.99,209.71,197.22,197.37,"180,018,600",12.490000000000009,-1.7375286269043166
"Feb 17, 2023",199.99,208.44,197.5,208.31,"213,738,500",10.939999999999998,5.542888990221417
"Feb 16, 2023",210.78,217.65,201.84,202.04,"229,586,500",15.810000000000002,-3.009937112956651
"Feb 15, 2023",211.76,214.66,206.11,214.24,"181,006,400",8.549999999999983,6.038408235992887
"Feb 14, 2023",191.94,209.82,189.44,209.25,"216,455,700",20.379999999999995,-2.329163554891711
"Feb 13, 2023",194.42,196.3,187.61,194.64,"172,475,500",8.689999999999998,-6.982078853046603
"Feb 10, 2023",202.23,206.2,192.89,196.89,"204,754,100",13.310000000000002,1.1559802712700407
"Feb 9, 2023",207.78,214.0,204.77,207.32,"215,431,400",9.22999999999999,5.297374168317348
"Feb 8, 2023",196.10,203.0,194.31,201.29,"180,673,600",8.689999999999998,-2.90854717345167
"Feb 7, 2023",196.43,197.5,189.55,196.81,"186,010,300",7.949999999999989,-2.22564459237915
"Feb 6, 2023",193.01,198.17,189.92,194.76,"186,188,100",8.25,-1.04161373913928
"Feb 3, 2023",183.95,199.0,183.69,189.98,"232,662,000",15.310000000000002,-2.4543027315670596
"Feb 2, 2023",187.33,196.75,182.61,188.27,"217,448,300",14.139999999999986,-0.9000947468154386
"Feb 1, 2023",173.89,183.81,169.93,181.41,"213,806,300",13.879999999999995,-3.643703192223946
"Jan 31, 2023",164.57,174.3,162.78,173.22,"196,813,500",11.52000000000001,-4.514635356375063
"Jan 30, 2023",178.05,179.77,166.5,166.66,"230,878,800",13.27000000000001,-3.7870915598660626
"Jan 27, 2023",162.43,180.68,161.17,177.9,"306,590,600",19.51000000000002,6.744269770790834
"Jan 26, 2023",159.97,161.42,154.76,160.27,"234,815,100",6.659999999999997,-9.910061832490157
"Jan 25, 2023",141.91,146.41,138.07,144.43,"192,734,300",8.340000000000003,-9.883321894303364
"Jan 24, 2023",143.00,146.5,141.1,143.89,"158,699,100",5.400000000000006,-0.37388354220039277
"Jan 23, 2023",135.87,145.38,134.27,143.75,"203,119,200",11.109999999999985,-0.09729654597261383
"Jan 20, 2023",128.68,133.51,127.35,133.42,"138,858,100",6.159999999999997,-7.186086956521754
"Jan 19, 2023",127.26,129.99,124.31,127.17,"170,291,900",5.680000000000007,-4.684455104182272
"Jan 18, 2023",136.56,136.68,127.01,128.78,"195,680,300",9.670000000000002,1.266021860501687
"Jan 17, 2023",125.70,131.7,125.02,131.49,"186,477,000",6.679999999999993,2.104364031681949
"Jan 13, 2023",116.55,122.63,115.6,122.4,"180,714,100",7.030000000000001,-6.91307323750856
"Jan 12, 2023",122.56,124.13,117.0,123.56,"169,400,900",7.1299999999999955,0.9477124183006502
"Jan 11, 2023",122.09,125.95,120.51,123.22,"183,810,800",5.439999999999998,-0.27516995791518895
"Jan 10, 2023",121.07,122.76,114.92,118.85,"167,642,500",7.840000000000003,-3.5465021912027272
"Jan 9, 2023",118.96,123.52,117.11,119.77,"190,284,000",6.409999999999997,0.7740849810685679
"Jan 6, 2023",103.00,114.39,101.81,113.06,"220,911,100",12.579999999999998,-5.602404608833589
"Jan 5, 2023",110.51,111.75,107.16,110.34,"157,986,300",4.590000000000003,-2.4058022289050074
"Jan 4, 2023",109.11,114.59,107.52,113.64,"180,389,000",7.070000000000007,2.9907558455682492
"Jan 3, 2023",118.47,118.8,104.64,108.1,"231,402,800",14.159999999999997,-4.875043998592055
"Dec 30, 2022",119.95,124.48,119.75,123.18,"157,777,300",4.730000000000004,13.95004625346903
"Dec 29, 2022",120.39,123.57,117.5,121.82,"221,923,300",6.069999999999993,-1.1040753369053524
"Dec 28, 2022",110.35,116.27,108.24,112.71,"221,070,500",8.030000000000001,-7.4782465933344255
"Dec 27, 2022",117.50,119.67,108.76,109.1,"208,643,400",10.909999999999997,-3.202910123325353
"Dec 23, 2022",126.37,128.62,121.02,123.15,"166,989,700",7.6000000000000085,12.878093492208986
"Dec 22, 2022",136.00,136.63,122.26,125.35,"210,090,300",14.36999999999999,1.7864393016646218
"Dec 21, 2022",139.34,141.26,135.89,137.57,"145,417,400",5.3700000000000045,9.748703629836463
"Dec 20, 2022",146.05,148.47,137.66,137.8,"159,563,300",10.810000000000002,0.1671876135785455
"Dec 19, 2022",154.00,155.25,145.82,149.87,"139,390,600",9.430000000000007,8.759071117561668
"Dec 16, 2022",159.64,160.99,150.04,150.23,"139,032,200",10.950000000000017,0.24020818042302938
"Dec 15, 2022",153.44,160.93,153.28,157.67,"122,334,500",7.650000000000006,4.9524063103241645
"Dec 14, 2022",159.25,161.62,155.31,156.8,"140,682,300",6.310000000000002,-0.5517853745163781
"Dec 13, 2022",174.87,175.05,156.91,160.95,"175,862,700",18.140000000000015,2.6466836734693633
"Dec 12, 2022",176.10,177.37,167.52,167.82,"109,794,500",9.849999999999994,4.268406337371866
"Dec 9, 2022",173.84,182.5,173.36,179.05,"104,872,300",9.139999999999986,6.6916934811107165
"Dec 8, 2022",172.20,175.2,169.06,173.44,"97,624,500",6.139999999999986,-3.133203015917352
"Dec 7, 2022",175.03,179.38,172.22,174.04,"84,213,300",7.159999999999997,0.34594095940958525
"Dec 6, 2022",181.22,183.65,175.33,179.82,"92,150,800",8.319999999999993,3.3210756148011944
"Dec 5, 2022",189.44,191.27,180.55,182.45,"93,122,700",10.719999999999999,1.462573684795898
"Dec 2, 2022",191.78,196.25,191.11,194.86,"73,645,900",5.139999999999986,6.801863524253227
"Dec 1, 2022",197.08,198.92,191.8,194.7,"80,046,200",7.119999999999976,-0.08211023298779763
"Nov 30, 2022",182.43,194.76,180.63,194.7,"109,186,400",14.129999999999995,0.0
"Nov 29, 2022",184.99,186.38,178.75,180.83,"83,357,100",7.6299999999999955,-7.123780174627625
"Nov 28, 2022",179.96,188.5,179.0,182.92,"92,905,200",9.5,1.1557816733948956
"Nov 25, 2022",185.06,185.2,180.63,182.86,"50,672,700",4.569999999999993,-0.03280122457903767
"Nov 23, 2022",173.57,183.62,172.5,183.2,"109,536,700",11.120000000000005,0.18593459477194152
"Nov 22, 2022",168.63,170.92,166.19,169.91,"78,452,300",4.72999999999999,-7.254366812227076
"Nov 21, 2022",175.85,176.77,167.54,167.87,"92,882,700",9.230000000000018,-1.2006356306279775
"Nov 18, 2022",185.05,185.19,176.55,180.19,"76,048,900",8.639999999999986,7.339012330970385
"Nov 17, 2022",183.96,186.16,180.9,183.17,"64,336,000",5.259999999999991,1.6538098673622326
"Nov 16, 2022",191.51,192.57,185.66,186.92,"66,567,600",6.909999999999997,2.0472784844679737
"Nov 15, 2022",195.88,200.82,192.06,194.42,"91,293,800",8.759999999999991,4.012411726942
"Nov 14, 2022",192.77,195.73,186.34,190.95,"92,226,600",9.389999999999986,-1.7847958029009403
"Nov 11, 2022",186.00,196.52,182.59,195.97,"114,403,600",13.930000000000007,2.6289604608536354
"Nov 10, 2022",189.90,191.0,180.03,190.72,"132,703,000",10.969999999999999,-2.6789814767566478
"Nov 9, 2022",190.78,195.89,177.12,177.59,"127,062,700",18.769999999999982,-6.884437919463082
"Nov 8, 2022",194.02,195.2,186.75,191.3,"128,803,400",8.449999999999989,7.720029280927987
"Nov 7, 2022",208.65,208.9,196.66,197.08,"93,916,500",12.240000000000009,3.02143230527967
"Nov 4, 2022",222.60,223.8,203.08,207.47,"98,622,200",20.72,5.2719707732900245
"Nov 3, 2022",211.36,221.2,210.14,215.31,"56,538,800",11.060000000000002,3.7788595941582015
"Nov 2, 2022",226.04,227.87,214.82,214.98,"63,070,300",13.050000000000011,-0.153267381914457
"Nov 1, 2022",234.05,237.4,227.28,227.82,"62,688,800",10.120000000000005,5.9726486184761285
"Oct 31, 2022",226.19,229.85,221.94,227.54,"61,554,300",7.909999999999997,-0.12290404705469493
"Oct 28, 2022",225.40,228.86,216.35,228.52,"69,152,400",12.51000000000002,0.43069350443878385
"Oct 27, 2022",229.77,233.81,222.85,225.09,"61,638,800",10.960000000000008,-1.5009627166112427
"Oct 26, 2022",219.40,230.6,218.2,224.64,"85,012,500",12.400000000000006,-0.19992003198721076
"Oct 25, 2022",210.10,224.35,210.0,222.42,"96,507,900",14.349999999999994,-0.9882478632478597
"Oct 24, 2022",205.82,213.5,198.59,211.25,"100,446,800",14.909999999999997,-5.022030392950272
"Oct 21, 2022",206.42,214.66,203.8,214.44,"75,713,800",10.859999999999985,1.510059171597633
"Oct 20, 2022",208.28,215.55,202.0,207.28,"117,798,100",13.550000000000011,-3.338929304234284
"Oct 19, 2022",219.80,222.93,217.78,222.04,"66,571,500",5.150000000000006,7.120802778849855
"Oct 18, 2022",229.50,229.82,217.25,220.19,"75,891,900",12.569999999999993,-0.8331832102323911
"Oct 17, 2022",210.04,221.86,209.45,219.35,"79,428,800",12.410000000000025,-0.38148871429219966
"Oct 14, 2022",224.01,226.26,204.16,204.99,"94,124,500",22.099999999999994,-6.546614998860267
"Oct 13, 2022",208.30,222.99,206.22,221.72,"91,483,000",16.77000000000001,8.161373725547572
"Oct 12, 2022",215.33,219.3,211.51,217.24,"66,860,700",7.7900000000000205,-2.020566480245345
"Oct 11, 2022",220.95,225.75,215.0,216.5,"77,013,200",10.75,-0.34063708341005583
"Oct 10, 2022",223.93,226.99,218.36,222.96,"67,925,000",8.629999999999995,2.9838337182447994
"Oct 7, 2022",233.94,234.57,222.02,223.07,"83,916,800",12.549999999999983,0.0493362038033629
"Oct 6, 2022",239.44,244.58,235.35,238.13,"69,298,400",9.230000000000018,6.751244004124257
"Oct 5, 2022",245.01,246.67,233.27,240.81,"86,982,700",13.399999999999977,1.1254356863897863
"Oct 4, 2022",250.52,257.5,242.01,249.44,"109,578,500",15.490000000000009,3.583738216851451
"Oct 3, 2022",254.50,255.16,241.01,242.4,"98,363,500",14.150000000000006,-2.822322001282873
"Sep 30, 2022",266.15,275.57,262.47,265.25,"67,726,600",13.099999999999966,9.426567656765684
"Sep 29, 2022",282.76,283.65,265.78,268.21,"77,620,600",17.870000000000005,1.1159283694627709
"Sep 28, 2022",283.08,289.0,277.57,287.81,"54,664,800",11.430000000000007,7.307706647776002
"Sep 27, 2022",283.84,288.67,277.51,282.94,"61,925,200",11.160000000000025,-1.6920885306278444
"Sep 26, 2022",271.83,284.09,270.31,276.01,"58,076,900",13.779999999999973,-2.4492825333993107
"Sep 23, 2022",283.09,284.5,272.82,275.33,"63,748,400",11.680000000000007,-0.2463678852215545
"Sep 22, 2022",299.86,301.29,285.82,288.59,"70,545,400",15.470000000000027,4.816038935096056
"Sep 21, 2022",308.29,313.8,300.63,300.8,"62,555,700",13.170000000000016,4.230915832149429
"Sep 20, 2022",306.91,313.33,305.58,308.73,"61,642,800",7.75,2.636303191489353
"Sep 19, 2022",300.09,309.84,297.8,309.07,"60,231,200",12.039999999999964,0.11012859132575326
"Sep 16, 2022",299.61,303.71,295.6,303.35,"87,087,800",8.109999999999957,-1.8507134306144146
"Sep 15, 2022",301.83,309.12,300.72,303.75,"64,795,500",8.399999999999977,0.13186088676444552
"Sep 14, 2022",292.24,306.0,291.64,302.61,"72,628,700",14.360000000000014,-0.37530864197530267
"Sep 13, 2022",292.90,297.4,290.4,292.13,"68,229,600",7.0,-3.463203463203468
"Sep 12, 2022",300.72,305.49,300.4,304.42,"48,674,600",5.090000000000032,4.207031116283844
"Sep 9, 2022",291.67,299.85,291.25,299.68,"54,338,100",8.600000000000023,-1.557059325931287
"Sep 8, 2022",281.30,289.5,279.76,289.26,"53,713,100",9.740000000000009,-3.477042178323553
"Sep 7, 2022",273.10,283.84,272.27,283.7,"50,028,900",11.569999999999993,-1.922146166078964
"Sep 6, 2022",272.68,275.99,265.74,274.42,"55,860,000",10.25,-3.2710609799083468
"Sep 2, 2022",281.07,282.35,269.08,270.21,"50,890,100",13.270000000000039,-1.5341447416369225
"Sep 1, 2022",272.58,277.58,266.15,277.16,"54,287,000",11.430000000000007,2.5720735724066746
"Aug 31, 2022",280.62,281.25,271.81,275.61,"52,107,300",9.439999999999998,-0.5592437581180554
"Aug 30, 2022",287.87,288.48,272.65,277.7,"50,541,800",15.830000000000041,0.7583179129929896
"Aug 29, 2022",282.83,287.74,280.7,284.82,"41,864,700",7.0400000000000205,2.5639178970111587
"Aug 26, 2022",297.43,302.0,287.47,288.09,"57,163,900",14.529999999999973,1.1480935327575326
"Aug 25, 2022",302.36,302.96,291.6,296.07,"53,230,000",11.359999999999957,2.769967718421329
"Aug 24, 2022",297.56,303.65,296.5,297.1,"57,259,800",7.149999999999977,0.34789070152330126
"Aug 23, 2022",291.45,298.83,287.92,296.45,"63,984,900",10.909999999999968,-0.21878155503198826
"Aug 22, 2022",291.91,292.4,286.3,289.91,"55,843,200",6.099999999999966,-2.2061055827289455
"Aug 19, 2022",299.00,300.36,292.5,296.67,"61,395,300",7.860000000000014,2.3317581318340164
"Aug 18, 2022",306.00,306.5,301.85,302.87,"47,500,500",4.649999999999977,2.0898641588296796
"Aug 17, 2022",303.40,309.66,300.03,304.0,"68,766,000",9.630000000000052,0.3730973685079464
"Aug 16, 2022",311.67,314.67,302.88,306.56,"88,136,400",11.79000000000002,0.8421052631578885
"Aug 15, 2022",301.79,313.13,301.23,309.32,"89,359,200",11.899999999999977,0.9003131524008223
"Aug 12, 2022",289.42,300.16,285.03,300.03,"79,657,200",15.130000000000052,-3.0033622138885385
"Aug 11, 2022",296.51,298.24,285.83,286.63,"70,155,000",12.410000000000025,-4.466220044662195
"Aug 10, 2022",297.07,297.51,283.37,294.36,"94,918,800",14.139999999999986,2.6968565746781525
"Aug 9, 2022",290.29,292.4,279.35,283.33,"86,244,600",13.049999999999955,-3.7471123793993866
"Aug 8, 2022",295.00,305.2,289.09,290.42,"98,994,000",16.110000000000014,2.5023823809692036
"Aug 5, 2022",302.67,304.61,285.54,288.17,"113,172,900",19.069999999999993,-0.774740031678256
"Aug 4, 2022",311.00,313.61,305.0,308.63,"72,256,200",8.610000000000014,7.099975708783002
"Aug 3, 2022",305.00,309.55,301.15,307.4,"80,091,000",8.400000000000034,-0.3985354631759752
"Aug 2, 2022",294.00,307.83,292.67,300.59,"95,577,600",15.159999999999968,-2.215354586857521
"Aug 1, 2022",301.28,311.88,295.0,297.28,"117,042,900",16.879999999999995,-1.1011677035164147
"Jul 29, 2022",280.70,298.32,279.1,297.15,"95,313,000",19.21999999999997,-0.04372981700753176
"Jul 28, 2022",280.07,283.3,272.8,280.9,"84,723,000",10.5,-5.468618542823489
"Jul 27, 2022",263.81,275.93,261.79,274.82,"88,110,000",14.139999999999986,-2.1644713421146267
"Jul 26, 2022",266.51,267.31,256.26,258.86,"66,820,800",11.050000000000011,-5.807437595517062
"Jul 25, 2022",272.22,274.15,267.4,268.43,"64,073,400",6.75,3.69697906204125
"Jul 22, 2022",276.22,280.79,270.71,272.24,"103,472,700",10.080000000000041,1.419364452557459
"Jul 21, 2022",255.11,273.27,254.87,271.71,"142,032,300",18.399999999999977,-0.19468116367912236
"Jul 20, 2022",246.78,250.66,243.48,247.5,"88,864,200",7.180000000000007,-8.91023517721099
"Jul 19, 2022",245.00,247.14,236.98,245.53,"80,890,200",10.159999999999997,-0.7959595959595944
"Jul 18, 2022",244.94,250.52,239.6,240.55,"82,537,500",10.920000000000016,-2.028265385085326
"Jul 15, 2022",240.00,243.62,236.89,240.07,"69,683,100",6.730000000000018,-0.19954271461235518
"Jul 14, 2022",234.90,238.65,229.33,238.31,"78,557,400",9.319999999999993,-0.733119506810509
"Jul 13, 2022",225.50,242.06,225.03,237.04,"97,954,500",17.03,-0.5329193067852844
"Jul 12, 2022",236.85,239.77,228.37,233.07,"87,930,900",11.400000000000006,-1.6748228147148159
"Jul 11, 2022",252.10,253.06,233.63,234.34,"99,241,200",19.430000000000007,0.5449006736173656
"Jul 8, 2022",242.33,254.98,241.16,250.76,"101,854,200",13.819999999999993,7.0069130323461515
"Jul 7, 2022",233.92,245.36,232.21,244.54,"81,930,600",13.150000000000006,-2.4804594034136263
"Jul 6, 2022",230.78,234.56,227.19,231.73,"71,853,600",7.3700000000000045,-5.2384068046127386
"Jul 5, 2022",223.00,233.15,216.17,233.07,"84,581,100",16.980000000000018,0.5782591809433413
"Jul 1, 2022",227.00,230.23,222.12,227.26,"74,460,300",8.109999999999985,-2.4928133178873324
"Jun 30, 2022",224.51,229.46,218.86,224.47,"94,600,500",10.599999999999994,-1.2276687494499616
"Jun 29, 2022",230.50,231.17,222.27,228.49,"82,897,200",8.899999999999977,1.790885196240044
"Jun 28, 2022",244.48,249.97,232.34,232.66,"90,391,200",17.629999999999995,1.8250251652150995
"Jun 27, 2022",249.37,252.07,242.57,244.92,"89,178,300",9.5,5.269491962520423
"Jun 24, 2022",237.47,246.07,236.09,245.71,"95,770,800",9.97999999999999,0.3225543034460321
"Jun 23, 2022",237.91,239.32,228.64,235.07,"104,202,600",10.680000000000007,-4.330308086768964
"Jun 22, 2022",234.50,246.83,233.83,236.09,"101,107,500",13.0,0.43391330242055215
"Jun 21, 2022",224.60,243.58,224.33,237.04,"122,793,000",19.25,0.4023889194798569
"Jun 17, 2022",213.43,220.97,213.2,216.76,"92,641,800",7.77000000000001,-8.555518056024303
"Jun 16, 2022",222.74,225.17,208.69,213.1,"107,390,700",16.47999999999999,-1.6885034139139998
"Jun 15, 2022",220.92,235.66,218.15,233.0,"119,131,800",17.50999999999999,9.338338808071335
"Jun 14, 2022",218.29,226.33,211.74,220.89,"97,988,700",14.590000000000003,-5.197424892703872
"Jun 13, 2022",223.17,226.63,214.68,215.74,"102,767,400",11.949999999999989,-2.331477205849053
"Jun 10, 2022",235.16,239.5,227.91,232.23,"97,536,600",11.590000000000003,7.643459720033374
"Jun 9, 2022",249.34,255.55,239.33,239.71,"96,491,400",16.22,3.2209447530465507
"Jun 8, 2022",240.09,249.96,239.18,241.87,"76,210,500",10.780000000000001,0.9010888156522512
"Jun 7, 2022",234.00,240.0,230.09,238.89,"72,808,500",9.909999999999997,-1.232066812750654
"Jun 6, 2022",244.35,244.87,234.35,238.28,"84,204,600",10.52000000000001,-0.2553476495458118
"Jun 3, 2022",243.23,247.8,233.42,234.52,"112,393,800",14.380000000000024,-1.577975491018968
"Jun 2, 2022",244.16,264.21,242.07,258.33,"93,473,100",22.139999999999986,10.152652225822955
"Jun 1, 2022",251.72,257.33,243.64,246.79,"77,247,900",13.689999999999998,-4.467154414895669
"May 31, 2022",257.95,259.6,244.74,252.75,"101,914,500",14.860000000000014,2.415008711860289
"May 27, 2022",241.08,253.27,240.18,253.21,"89,295,000",13.090000000000003,0.18199802176064317
"May 26, 2022",220.47,239.56,217.89,235.91,"106,003,200",21.670000000000016,-6.832273606887574
"May 25, 2022",207.95,223.11,207.67,219.6,"92,139,300",15.440000000000026,-6.913653511932516
"May 24, 2022",217.84,217.97,206.86,209.39,"89,092,500",11.109999999999985,-4.649362477231334
"May 23, 2022",218.34,226.65,212.69,224.97,"88,903,500",13.960000000000008,7.440660967572477
"May 20, 2022",238.00,240.53,211.0,221.3,"144,973,200",29.53,-1.631328621593986
"May 19, 2022",235.67,244.67,231.37,236.47,"90,296,700",13.299999999999983,6.854948034342523
"May 18, 2022",248.17,253.5,233.6,236.6,"87,811,800",19.900000000000006,0.05497526113249496
"May 17, 2022",249.12,254.83,242.95,253.87,"80,236,200",11.880000000000024,7.299239222316145
"May 16, 2022",255.72,256.59,239.7,241.46,"86,098,500",16.889999999999986,-4.8883286721550405
"May 13, 2022",257.83,262.45,250.52,256.53,"92,150,700",11.929999999999978,6.241199370496142
"May 12, 2022",233.67,253.22,226.67,242.67,"140,313,000",26.55000000000001,-5.40287685650801
"May 11, 2022",265.00,269.92,242.4,244.67,"97,224,600",27.52000000000001,0.8241645032348366
"May 10, 2022",273.10,275.12,258.08,266.68,"84,401,700",17.04000000000002,8.995790248089275
"May 9, 2022",278.82,281.88,260.38,262.37,"90,810,300",21.5,-1.6161691915404286
"May 6, 2022",295.67,296.0,281.04,288.55,"72,903,000",14.95999999999998,9.978274955215927
"May 5, 2022",313.01,315.2,285.9,291.09,"92,519,100",29.30000000000001,0.8802633858949749
"May 4, 2022",301.31,318.5,295.09,317.54,"81,643,800",23.410000000000025,9.086536809921352
"May 3, 2022",301.06,308.03,296.2,303.08,"63,709,500",11.829999999999984,-4.553757006991255
"May 2, 2022",286.92,302.12,282.68,300.98,"75,781,500",19.439999999999998,-0.6928863666358587
"Apr 29, 2022",300.75,311.47,290.0,290.25,"88,133,100",21.470000000000027,-3.565020931623375
"Apr 28, 2022",299.99,300.0,273.9,292.5,"124,948,500",26.100000000000023,0.7751937984496138
"Apr 27, 2022",299.53,306.0,292.45,293.84,"76,956,300",13.550000000000011,0.45811965811966004
"Apr 26, 2022",331.81,333.33,291.67,292.14,"136,133,700",41.65999999999997,-0.5785461475632969
"Apr 25, 2022",326.32,336.21,325.1,332.67,"68,341,200",11.109999999999957,13.873485315259826
"Apr 22, 2022",338.30,344.95,331.33,335.02,"69,696,600",13.620000000000005,0.7064057474373886
"Apr 21, 2022",358.24,364.07,332.14,336.26,"105,416,400",31.930000000000007,0.37012715658766293
"Apr 20, 2022",343.33,344.67,325.08,325.73,"70,711,200",19.590000000000032,-3.131505382739541
"Apr 19, 2022",335.02,344.98,331.78,342.72,"49,847,700",13.200000000000045,5.2159764221901606
"Apr 18, 2022",329.68,338.31,324.47,334.76,"51,715,200",13.839999999999975,-2.32259570494866
"Apr 14, 2022",333.10,337.57,327.4,328.33,"58,422,300",10.170000000000016,-1.9207790655992318
"Apr 13, 2022",327.03,342.08,324.37,340.79,"55,121,100",17.70999999999998,3.794962385404932
"Apr 12, 2022",332.55,340.4,325.53,328.98,"65,976,000",14.870000000000005,-3.4654772733941686
"Apr 11, 2022",326.80,336.16,324.88,325.31,"59,357,100",11.28000000000003,-1.1155693355219265
"Apr 8, 2022",347.74,349.48,340.81,341.83,"55,013,700",8.670000000000016,5.078233069994775
"Apr 7, 2022",350.80,358.86,340.51,352.42,"79,447,200",18.350000000000023,3.0980311850920206
"Apr 6, 2022",357.82,359.67,342.57,348.59,"89,348,400",17.100000000000023,-1.0867714658646
"Apr 5, 2022",378.77,384.29,362.43,363.75,"80,075,100",21.860000000000014,4.348948621589832
"Apr 4, 2022",363.13,383.3,357.51,381.82,"82,035,900",25.79000000000002,4.967697594501708
"Apr 1, 2022",360.38,364.92,355.55,361.53,"54,263,100",9.370000000000005,-5.314022314179456
"Mar 31, 2022",364.86,367.71,358.88,359.2,"48,992,700",8.829999999999984,-0.6444831687550057
"Mar 30, 2022",363.72,371.32,361.33,364.66,"59,865,000",9.990000000000009,1.5200445434298437
"Mar 29, 2022",369.33,371.59,357.7,366.52,"73,614,900",13.889999999999986,0.5100641693632335
"Mar 28, 2022",355.03,365.96,351.2,363.95,"102,506,100",14.759999999999991,-0.7011895667357826
"Mar 25, 2022",336.00,340.6,332.44,336.88,"62,031,600",8.160000000000025,-7.43783486742684
"Mar 24, 2022",336.58,341.5,329.6,337.97,"68,920,800",11.899999999999977,0.32355734979816475
"Mar 23, 2022",326.65,346.9,325.47,333.04,"120,676,200",21.42999999999995,-1.4587093529011441
"Mar 22, 2022",310.00,332.62,307.25,331.33,"105,868,500",25.370000000000005,-0.5134518376171182
"Mar 21, 2022",304.99,314.28,302.36,307.05,"81,981,600",11.919999999999959,-7.328041529592843
"Mar 18, 2022",291.50,302.62,289.13,301.8,"100,414,200",13.490000000000009,-1.7098192476795337
"Mar 17, 2022",277.00,291.67,275.24,290.53,"66,582,900",16.430000000000007,-3.734261100066283
"Mar 16, 2022",269.67,280.67,267.42,280.08,"84,028,800",13.25,-3.596874677313866
"Mar 15, 2022",258.42,268.52,252.19,267.3,"66,841,200",16.329999999999984,-4.5629820051413805
"Mar 14, 2022",260.20,266.9,252.01,255.46,"71,152,200",14.889999999999986,-4.429479985035545
"Mar 11, 2022",280.07,281.27,264.59,265.12,"67,037,100",16.680000000000007,3.7814139199874752
"Mar 10, 2022",283.82,284.82,270.12,279.43,"58,648,500",14.699999999999989,5.397555823777922
"Mar 9, 2022",279.83,286.85,277.34,286.32,"59,184,000",9.510000000000048,2.4657338152667796
"Mar 8, 2022",265.18,283.33,260.72,274.8,"80,399,100",22.609999999999957,-4.02347024308466
"Mar 7, 2022",285.43,288.71,268.19,268.19,"72,494,100",20.519999999999982,-2.405385735080068
"Mar 4, 2022",283.03,285.22,275.05,279.43,"66,999,600",10.170000000000016,4.191058577873896
"Mar 3, 2022",292.92,295.48,277.53,279.76,"61,623,600",17.950000000000045,0.11809755573846115
"Mar 2, 2022",290.71,295.49,281.42,293.3,"74,643,300",14.069999999999993,4.8398627394909965
"Mar 1, 2022",289.89,296.63,284.59,288.12,"74,766,900",12.04000000000002,-1.7661097852028629
"Feb 28, 2022",271.67,292.29,271.57,290.14,"99,006,900",20.720000000000027,0.7010967652367084
"Feb 25, 2022",269.74,273.17,260.8,269.96,"76,067,700",12.370000000000005,-6.955262976494114
"Feb 24, 2022",233.46,267.49,233.33,266.92,"135,322,200",34.16,-1.126092754482133
"Feb 23, 2022",276.81,278.43,253.52,254.68,"95,256,900",24.909999999999997,-4.585643638543391
"Feb 22, 2022",278.04,285.58,267.03,273.84,"83,288,100",18.55000000000001,7.523166326370334
"Feb 18, 2022",295.33,295.62,279.2,285.66,"68,501,700",16.420000000000016,4.3163891323400705
"Feb 17, 2022",304.42,306.17,291.37,292.12,"55,178,400",14.800000000000011,2.2614296716376048
"Feb 16, 2022",304.68,308.81,300.4,307.8,"51,294,300",8.410000000000025,5.367657127207992
"Feb 15, 2022",300.00,307.67,297.79,307.48,"57,286,200",9.879999999999995,-0.10396361273553589
"Feb 14, 2022",287.19,299.63,284.38,291.92,"67,756,500",15.25,-5.060491739300121
"Feb 11, 2022",303.21,305.32,283.57,286.67,"79,645,800",21.75,-1.7984379281995033
"Feb 10, 2022",302.79,314.6,298.9,301.52,"66,126,900",15.700000000000045,5.180172323577614
"Feb 9, 2022",311.67,315.42,306.67,310.67,"52,259,400",8.75,3.034624568851174
"Feb 8, 2022",301.84,308.76,298.27,307.33,"50,729,100",10.490000000000009,-1.0750957607751133
"Feb 7, 2022",307.93,315.92,300.9,302.45,"60,994,500",15.020000000000039,-1.5878697165912836
"Feb 4, 2022",299.07,312.17,293.72,307.77,"73,625,400",18.44999999999999,1.7589684245329806
"Feb 3, 2022",294.00,312.33,293.51,297.05,"78,855,600",18.819999999999993,-3.483120512070692
"Feb 2, 2022",309.39,310.5,296.47,301.89,"66,792,900",14.029999999999973,1.6293553273859507
"Feb 1, 2022",311.74,314.57,301.67,310.42,"73,138,200",12.899999999999977,2.8255324787174185
"Jan 31, 2022",290.90,312.66,287.35,312.24,"104,436,000",25.310000000000002,0.5863024289672003
"Jan 28, 2022",277.19,285.83,264.0,282.12,"134,789,100",21.829999999999984,-9.646425826287475
"Jan 27, 2022",311.12,311.8,276.33,276.37,"147,109,500",35.47000000000003,-2.038139798667238
"Jan 26, 2022",317.48,329.23,302.0,312.47,"104,867,400",27.230000000000018,13.06219922567573
"Jan 25, 2022",304.73,317.09,301.07,306.13,"86,595,900",16.019999999999982,-2.0289947834992272
"Jan 24, 2022",301.59,311.17,283.82,310.0,"151,565,700",27.350000000000023,1.2641688171691756
"Jan 21, 2022",332.11,334.85,313.5,314.63,"103,416,000",21.350000000000023,1.4935483870967659
"Jan 20, 2022",336.58,347.22,331.33,332.09,"70,488,600",15.890000000000043,5.549375456885852
"Jan 19, 2022",347.24,351.56,331.67,331.88,"75,442,500",19.889999999999986,-0.06323586979433138
"Jan 18, 2022",342.20,356.93,338.69,343.5,"66,743,400",18.24000000000001,3.501265517656993
"Jan 14, 2022",339.96,350.67,337.79,349.87,"72,924,300",12.879999999999995,1.8544395924308565
"Jan 13, 2022",369.69,371.87,342.18,343.85,"97,209,900",29.689999999999998,-1.720639094520815
"Jan 12, 2022",359.62,371.61,357.53,368.74,"83,739,000",14.080000000000041,7.23862149192962
"Jan 11, 2022",351.22,358.62,346.27,354.8,"66,063,300",12.350000000000023,-3.7804415034983996
"Jan 10, 2022",333.33,353.03,326.67,352.71,"91,815,000",26.359999999999957,-0.5890642615558161
"Jan 7, 2022",360.12,360.31,336.67,342.32,"84,164,700",23.639999999999986,-2.9457628079725517
"Jan 6, 2022",359.00,362.67,340.17,354.9,"90,336,600",22.5,3.674924047674688
"Jan 5, 2022",382.22,390.11,360.34,362.71,"80,119,800",29.77000000000004,2.200619892927591
"Jan 4, 2022",396.52,402.67,374.35,383.2,"100,248,300",28.319999999999993,5.6491411871743225
"Jan 3, 2022",382.58,400.36,378.68,399.93,"103,931,400",21.680000000000007,4.365866388308981
"Dec 31, 2021",357.81,360.67,351.53,352.26,"40,733,700",9.140000000000043,-11.919585927537323
"Dec 30, 2021",353.78,365.18,351.05,356.78,"47,040,900",14.129999999999995,1.2831431329131782
"Dec 29, 2021",366.21,368.0,354.71,362.06,"56,154,000",13.29000000000002,1.4799035820393547
"Dec 28, 2021",369.83,373.0,359.47,362.82,"60,324,000",13.529999999999973,0.20990995967518078
"Dec 27, 2021",357.89,372.33,356.91,364.65,"71,145,900",15.419999999999959,0.504382338349596
"Dec 23, 2021",335.60,357.66,332.52,355.67,"92,713,200",25.140000000000043,-2.4626354038118636
"Dec 22, 2021",321.89,338.55,319.02,336.29,"93,634,200",19.53000000000003,-5.448871144600331
"Dec 21, 2021",305.62,313.17,295.37,312.84,"71,517,900",17.80000000000001,-6.97314817568172
"Dec 20, 2021",303.57,307.23,297.8,299.98,"56,480,100",9.430000000000007,-4.110727528449032
"Dec 17, 2021",304.92,320.22,303.01,310.86,"100,437,300",17.210000000000036,3.626908460564038
"Dec 16, 2021",331.50,331.66,307.28,308.97,"82,771,500",24.380000000000052,-0.6079907353792713
"Dec 15, 2021",317.74,326.25,309.42,325.33,"75,169,200",16.829999999999984,5.295012460756698
"Dec 14, 2021",315.00,322.14,310.0,319.5,"70,806,300",12.139999999999986,-1.7920265576491512
"Dec 13, 2021",333.70,335.0,317.14,322.14,"78,595,500",17.860000000000014,0.8262910798122025
"Dec 10, 2021",336.25,340.33,327.51,339.01,"59,664,300",12.819999999999993,5.23685354193828
"Dec 9, 2021",353.55,354.16,334.12,334.6,"59,438,400",20.04000000000002,-1.3008465826966686
"Dec 8, 2021",350.90,357.46,344.33,356.32,"41,906,400",13.129999999999995,6.49133293484756
"Dec 7, 2021",348.07,352.56,342.27,350.58,"56,084,700",10.29000000000002,-1.6109115401885976
"Dec 6, 2021",333.84,340.55,316.83,336.34,"81,663,000",23.720000000000027,-4.061840378800852
"Dec 3, 2021",361.60,363.53,333.4,338.32,"92,322,000",30.129999999999995,0.5886900160551933
"Dec 2, 2021",366.35,371.0,352.22,361.53,"73,114,800",18.779999999999973,6.860368881532275
"Dec 1, 2021",386.90,390.95,363.59,365.0,"68,450,400",27.360000000000014,0.9598096976737747
"Nov 30, 2021",381.46,389.33,372.67,381.59,"81,276,000",16.659999999999968,4.545205479452052
"Nov 29, 2021",367.00,380.89,366.73,379.0,"58,393,500",14.159999999999968,-0.6787389606645822
"Nov 26, 2021",366.49,369.59,360.33,360.64,"35,042,700",9.259999999999991,-4.844327176781005
"Nov 24, 2021",360.13,377.59,354.0,372.0,"67,680,600",23.589999999999975,3.1499556344276813
"Nov 23, 2021",389.17,393.5,354.23,369.68,"108,515,100",39.26999999999998,-0.6236559139784936
"Nov 22, 2021",387.44,400.65,377.48,385.62,"99,217,500",23.16999999999996,4.311837264661333
"Nov 19, 2021",366.29,379.57,364.23,379.02,"64,926,900",15.339999999999975,-1.7115294849852192
"Nov 18, 2021",368.85,370.67,358.34,365.46,"62,696,700",12.330000000000041,-3.5776476175399696
"Nov 17, 2021",354.50,373.21,351.83,363.0,"94,336,200",21.379999999999995,-0.6731242817271332
"Nov 16, 2021",334.44,352.4,334.06,351.58,"79,627,200",18.339999999999975,-3.1460055096418804
"Nov 15, 2021",339.21,343.99,326.2,337.8,"104,326,800",17.79000000000002,-3.9194493429660304
"Nov 12, 2021",349.17,351.5,339.73,344.47,"76,719,300",11.769999999999982,1.974541148608644
"Nov 11, 2021",367.59,368.32,351.56,354.5,"67,189,800",16.75999999999999,2.911719453072825
"Nov 10, 2021",336.80,359.37,329.1,355.98,"128,408,100",30.269999999999982,0.4174894217207292
"Nov 9, 2021",391.20,391.5,337.17,341.17,"177,317,400",54.329999999999984,-4.160346086858812
"Nov 8, 2021",383.26,399.0,377.67,387.65,"100,337,100",21.329999999999984,13.62370665650554
"Nov 5, 2021",409.33,413.29,402.67,407.36,"64,886,400",10.620000000000005,5.084483425770681
"Nov 4, 2021",411.47,414.5,405.67,409.97,"76,192,200",8.829999999999984,0.6407109190887716
"Nov 3, 2021",392.44,405.13,384.21,404.62,"103,885,500",20.920000000000016,-1.3049735346488789
"Nov 2, 2021",386.45,402.86,382.0,390.67,"128,213,400",20.860000000000014,-3.4476793040383535
"Nov 1, 2021",381.67,403.25,372.89,402.86,"168,146,100",30.360000000000014,3.120280543681364
"Oct 29, 2021",360.62,371.74,357.74,371.33,"89,755,200",14.0,-7.826540237303292
"Oct 28, 2021",356.10,360.33,351.4,359.01,"81,639,600",8.930000000000007,-3.317803570947675
"Oct 27, 2021",346.55,356.96,343.59,345.95,"115,579,500",13.370000000000005,-3.6377816773906058
"Oct 26, 2021",341.56,364.98,333.81,339.48,"187,245,000",31.170000000000016,-1.8702124584477398
"Oct 25, 2021",316.84,348.34,314.73,341.62,"188,556,300",33.60999999999996,0.6303758689760741
"Oct 22, 2021",298.50,303.33,296.99,303.23,"68,642,400",6.339999999999975,-11.237632457116087
"Oct 21, 2021",285.33,300.0,285.17,298.0,"94,444,500",14.829999999999984,-1.7247633809319707
"Oct 20, 2021",288.45,289.83,285.79,288.6,"42,096,300",4.039999999999964,-3.1543624161073702
"Oct 19, 2021",292.51,292.65,287.5,288.09,"52,143,300",5.149999999999977,-0.176715176715192
"Oct 18, 2021",283.93,291.75,283.82,290.04,"72,621,600",7.930000000000007,0.6768718108924432
"Oct 15, 2021",274.58,281.07,274.12,281.01,"56,773,800",6.949999999999989,-3.1133636739760107
"Oct 14, 2021",271.83,273.42,271.12,272.77,"36,741,600",2.3000000000000114,-2.9322799900359464
"Oct 13, 2021",270.16,271.8,268.59,270.36,"42,360,300",3.2100000000000364,-0.8835282472412498
"Oct 12, 2021",266.98,270.77,265.52,268.57,"66,060,000",5.25,-0.6620801893771344
"Oct 11, 2021",262.55,267.08,261.83,263.98,"42,600,900",5.25,-1.7090516438917125
"Oct 8, 2021",265.40,265.46,260.3,261.83,"50,215,800",5.159999999999968,-0.8144556405788483
"Oct 7, 2021",261.82,268.33,261.13,264.54,"57,587,400",7.199999999999989,1.0350227246686883
"Oct 6, 2021",258.73,262.22,257.74,260.92,"43,898,400",4.480000000000018,-1.368413094428067
"Oct 5, 2021",261.60,265.77,258.07,260.2,"55,297,800",7.699999999999989,-0.2759466503142849
"Oct 4, 2021",265.50,268.99,258.71,260.51,"91,449,900",10.28000000000003,0.11913912375096647
"Oct 1, 2021",259.47,260.26,254.53,258.41,"51,094,200",5.72999999999999,-0.8061110897854107
"Sep 30, 2021",260.33,263.04,258.33,258.49,"53,868,000",4.710000000000036,0.03095855423551619
"Sep 29, 2021",259.93,264.5,256.89,260.44,"62,828,700",7.610000000000014,0.7543812139734651
"Sep 28, 2021",262.40,265.21,255.39,259.19,"76,144,200",9.819999999999993,-0.4799569958531702
"Sep 27, 2021",257.71,266.33,256.44,263.79,"84,212,100",9.889999999999986,1.7747598286971034
"Sep 24, 2021",248.63,258.27,248.19,258.13,"64,119,000",10.079999999999984,-2.14564615792866
"Sep 23, 2021",251.67,252.73,249.31,251.21,"35,842,500",3.4199999999999875,-2.68081974199047
"Sep 22, 2021",247.84,251.22,246.37,250.65,"45,378,900",4.849999999999994,-0.22292106205963336
"Sep 21, 2021",244.93,248.25,243.48,246.46,"48,992,100",4.77000000000001,-1.6716537003790166
"Sep 20, 2021",244.85,247.33,239.54,243.39,"74,273,100",7.7900000000000205,-1.2456382374421926
"Sep 17, 2021",252.38,253.68,250.0,253.16,"84,612,600",3.680000000000007,4.014133694892985
"Sep 16, 2021",250.94,252.97,249.2,252.33,"41,770,200",3.7700000000000102,-0.32785590140621546
"Sep 15, 2021",248.33,252.29,246.12,251.94,"46,073,100",6.1699999999999875,-0.15455950540959051
"Sep 14, 2021",247.52,251.49,245.47,248.16,"55,574,700",6.02000000000001,-1.5003572279114086
"Sep 13, 2021",246.74,248.26,236.28,247.67,"68,857,500",11.97999999999999,-0.1974532559638975
"Sep 10, 2021",253.20,254.2,244.84,245.42,"45,552,600",9.359999999999985,-0.908466911616268
"Sep 9, 2021",251.14,254.03,250.54,251.62,"42,233,100",3.490000000000009,2.526281476652281
"Sep 8, 2021",253.86,254.82,246.92,251.29,"56,379,000",7.900000000000006,-0.13115014704714323
"Sep 7, 2021",246.67,253.4,246.42,250.97,"60,119,400",6.980000000000018,-0.12734291058139613
"Sep 3, 2021",244.08,244.67,241.4,244.52,"45,738,300",3.269999999999982,-2.5700282902338834
"Sep 2, 2021",244.83,246.99,243.51,244.13,"38,331,900",3.480000000000018,-0.15949615573368492
"Sep 1, 2021",244.69,247.33,243.76,244.7,"39,612,900",3.5700000000000216,0.23348216114364995
"Aug 31, 2021",244.33,246.8,242.15,245.24,"62,566,200",4.650000000000006,0.22067838169188558
"Aug 30, 2021",238.24,243.67,237.58,243.64,"55,812,600",6.089999999999975,-0.6524221171097744
"Aug 27, 2021",235.00,238.33,234.03,237.31,"41,501,400",4.300000000000011,-2.5980955508126735
"Aug 26, 2021",236.10,238.47,232.54,233.72,"39,642,900",5.930000000000007,-1.5127891787113934
"Aug 25, 2021",235.68,238.99,234.67,237.07,"37,936,800",4.320000000000022,1.4333390381653155
"Aug 24, 2021",236.89,238.41,234.21,236.16,"39,249,300",4.199999999999989,-0.38385287046019956
"Aug 23, 2021",228.48,237.38,226.92,235.43,"60,794,700",10.460000000000008,-0.30911246612466137
"Aug 20, 2021",227.62,230.71,224.57,226.75,"44,525,700",6.140000000000015,-3.6868708320944688
"Aug 19, 2021",226.07,228.85,222.53,224.49,"42,940,500",6.319999999999993,-0.9966923925027515
"Aug 18, 2021",223.25,231.92,223.12,229.66,"61,048,200",8.799999999999983,2.302997906365545
"Aug 17, 2021",224.22,224.86,216.28,221.9,"71,163,900",8.580000000000013,-3.3789079508839137
"Aug 16, 2021",235.02,236.5,225.47,228.72,"68,032,200",11.030000000000001,3.0734565119423074
"Aug 13, 2021",241.24,243.3,238.11,239.06,"50,194,500",5.189999999999998,4.5208114725428405
"Aug 12, 2021",235.45,240.93,233.13,240.75,"52,377,300",7.800000000000011,0.7069354973646691
"Aug 11, 2021",237.57,238.39,234.74,235.94,"29,401,800",3.6499999999999773,-1.997923156801662
"Aug 10, 2021",238.00,238.86,233.96,236.66,"40,296,900",4.900000000000006,0.3051623294057837
"Aug 9, 2021",236.72,239.68,235.04,237.92,"44,145,900",4.640000000000015,0.5324093636440486
"Aug 6, 2021",237.30,238.78,232.54,233.03,"46,869,000",6.240000000000009,-2.0553127101546664
"Aug 5, 2021",238.67,240.32,237.14,238.21,"38,758,800",3.180000000000007,2.222889756683699
"Aug 4, 2021",237.00,241.63,236.31,236.97,"51,007,800",5.319999999999993,-0.5205490953360536
"Aug 3, 2021",239.67,240.88,233.67,236.58,"64,860,900",7.210000000000008,-0.16457779465754996
"Aug 2, 2021",233.33,242.31,232.8,236.56,"100,847,400",9.509999999999991,-0.008453799983099142
"Jul 30, 2021",223.92,232.51,223.0,229.07,"88,969,200",9.509999999999991,-3.1662157592154294
"Jul 29, 2021",216.60,227.9,216.27,225.78,"91,183,800",11.629999999999995,-1.436242196708426
"Jul 28, 2021",215.67,218.32,213.13,215.66,"48,019,800",5.189999999999998,-4.48223934803792
"Jul 27, 2021",221.13,222.17,209.08,214.93,"98,439,900",13.089999999999975,-0.338495780395065
"Jul 26, 2021",216.99,222.73,215.7,219.21,"76,009,800",7.030000000000001,1.9913460196343102
"Jul 23, 2021",215.45,216.27,212.43,214.46,"43,814,700",3.8400000000000034,-2.1668719492723865
"Jul 22, 2021",218.81,220.72,214.87,216.42,"45,317,100",5.849999999999994,0.9139233423482107
"Jul 21, 2021",219.87,221.62,216.76,218.43,"41,859,900",4.860000000000014,0.9287496534516215
"Jul 20, 2021",217.33,220.8,213.5,220.17,"46,461,300",7.300000000000011,0.796593874467777
"Jul 19, 2021",209.96,215.73,207.1,215.41,"63,891,300",8.629999999999995,-2.1619657537357506
"Jul 16, 2021",218.23,218.9,214.07,214.74,"49,113,000",4.8300000000000125,-0.3110347709019967
"Jul 15, 2021",219.46,222.05,212.63,216.87,"60,628,800",9.420000000000016,0.9918971779826702
"Jul 14, 2021",223.58,226.2,217.61,217.79,"64,923,600",8.589999999999975,0.42421727302068835
"Jul 13, 2021",228.77,231.09,222.1,222.85,"62,898,300",8.990000000000009,2.3233389962808326
"Jul 12, 2021",220.73,229.08,220.72,228.57,"77,781,000",8.360000000000014,2.566748934260721
"Jul 9, 2021",217.73,219.64,214.9,218.98,"54,421,500",4.739999999999981,-4.195651222820141
"Jul 8, 2021",209.46,218.14,206.82,217.6,"68,319,900",11.319999999999993,-0.6301945383139995
"Jul 7, 2021",221.42,221.9,212.77,214.88,"56,376,000",9.129999999999995,-1.2499999999999956
"Jul 6, 2021",227.24,228.0,217.13,219.86,"69,853,500",10.870000000000005,2.317572598659723
"Jul 2, 2021",226.33,233.33,224.42,226.3,"81,163,500",8.910000000000025,2.9291367233694077
"Jul 1, 2021",227.97,229.33,224.27,225.97,"55,903,500",5.060000000000002,-0.14582412726469318
"Jun 30, 2021",226.59,230.94,226.05,226.57,"56,774,700",4.889999999999986,0.2655219719431834
"Jun 29, 2021",228.22,229.17,225.3,226.92,"52,143,900",3.869999999999976,0.15447764487797055
"Jun 28, 2021",223.88,231.57,223.44,229.57,"64,884,600",8.129999999999995,1.1678124449145066
"Jun 25, 2021",229.86,231.27,222.9,223.96,"97,490,100",8.370000000000005,-2.4436990896022914
"Jun 24, 2021",225.00,232.54,222.54,226.61,"137,947,200",10.0,1.1832470083943614
"Jun 23, 2021",210.67,219.07,210.01,218.86,"93,297,600",9.060000000000002,-3.4199726402188824
"Jun 22, 2021",206.08,209.52,205.17,207.9,"57,476,700",4.350000000000023,-5.007767522617201
"Jun 21, 2021",208.16,210.46,202.96,206.94,"74,438,100",7.5,-0.46176046176046315
"Jun 18, 2021",204.46,209.45,203.93,207.77,"73,682,700",5.519999999999982,0.40108243935441656
"Jun 17, 2021",200.63,207.16,200.45,205.53,"68,104,200",6.710000000000008,-1.0781152235645242
"Jun 16, 2021",199.18,202.83,197.83,201.62,"66,432,300",5.0,-1.9023986765922207
"Jun 15, 2021",205.56,205.6,199.41,199.79,"53,292,300",6.189999999999998,-0.9076480507886231
"Jun 14, 2021",204.08,208.5,203.06,205.9,"61,272,000",5.439999999999998,3.0582111216777674
"Jun 11, 2021",203.41,204.19,200.51,203.3,"48,615,900",3.680000000000007,-1.2627489072365217
"Jun 10, 2021",201.29,205.53,200.17,203.37,"71,758,800",5.360000000000014,0.034431874077722746
"Jun 9, 2021",200.72,203.93,199.21,199.59,"49,753,800",4.719999999999999,-1.8586812214190895
"Jun 8, 2021",207.67,207.7,198.5,201.2,"78,160,200",9.199999999999989,0.8066536399619073
"Jun 7, 2021",197.28,203.33,194.29,201.71,"67,631,100",9.04000000000002,0.25347912524851246
"Jun 4, 2021",193.24,200.2,192.4,199.68,"72,110,700",7.799999999999983,-1.0063953200138864
"Jun 3, 2021",200.60,201.52,190.41,190.95,"90,335,700",11.110000000000014,-4.371995192307699
"Jun 2, 2021",206.71,207.79,199.71,201.71,"69,908,400",8.079999999999984,5.634982979837666
"Jun 1, 2021",209.27,211.27,206.85,207.97,"54,254,700",4.420000000000016,3.1034653710772853
"May 28, 2021",209.50,211.86,207.46,208.41,"68,211,000",4.400000000000006,0.21156897629466265
"May 27, 2021",206.75,210.38,205.4,210.28,"79,111,800",4.97999999999999,0.8972698047118755
"May 26, 2021",202.52,208.72,200.5,206.38,"85,917,900",8.219999999999999,-1.8546699638577135
"May 25, 2021",202.44,204.66,198.57,201.56,"84,017,700",6.090000000000003,-2.335497625738925
"May 24, 2021",193.87,204.83,191.22,202.15,"103,674,300",13.610000000000014,0.29271680889064733
"May 21, 2021",198.70,198.89,193.33,193.63,"78,091,800",5.559999999999974,-4.214692060351233
"May 20, 2021",191.67,196.28,190.36,195.59,"92,463,300",5.9199999999999875,1.0122398388679565
"May 19, 2021",184.18,188.74,182.33,187.82,"118,735,200",6.409999999999997,-3.9725957359783237
"May 18, 2021",189.33,198.75,187.79,192.62,"110,491,800",10.960000000000008,2.5556383771696334
"May 17, 2021",191.85,196.58,187.07,192.28,"97,171,200",9.51000000000002,-0.17651334233205196
"May 14, 2021",194.47,197.62,190.15,196.58,"100,112,700",7.469999999999999,2.236322030372384
"May 13, 2021",200.51,202.15,186.55,190.56,"132,554,700",15.599999999999994,-3.062366466578492
"May 12, 2021",200.83,206.8,195.59,196.63,"101,470,800",11.210000000000008,3.185348446683456
"May 11, 2021",199.75,209.03,198.53,205.73,"139,511,700",10.5,4.62798148807404
"May 10, 2021",221.63,221.68,209.2,209.68,"94,177,200",12.480000000000018,1.9199922228163135
"May 7, 2021",221.93,230.0,220.07,224.12,"70,407,600",9.930000000000007,6.886684471575744
"May 6, 2021",226.92,227.01,216.67,221.18,"83,353,800",10.340000000000003,-1.311797251472424
"May 5, 2021",227.02,228.43,222.45,223.65,"65,705,700",5.980000000000018,1.116737498869691
"May 4, 2021",226.31,227.82,219.23,224.53,"89,217,900",8.590000000000003,0.39347194276770914
"May 3, 2021",234.60,235.33,226.83,228.3,"81,129,300",8.5,1.6790629314568317
"Apr 30, 2021",222.53,238.49,222.05,236.48,"122,276,100",16.439999999999998,3.5830048182216245
"Apr 29, 2021",233.17,234.08,222.83,225.67,"86,536,200",11.25,-4.571211096075778
"Apr 28, 2021",232.14,236.17,231.2,231.47,"66,813,000",4.969999999999999,2.5701245181016574
"Apr 27, 2021",239.32,241.33,234.45,234.91,"88,311,000",6.880000000000024,1.4861537132241809
"Apr 26, 2021",247.00,249.77,244.2,246.07,"93,115,500",5.570000000000022,4.750755608530932
"Apr 23, 2021",239.93,245.79,238.49,243.13,"85,110,000",7.299999999999983,-1.1947819726094155
"Apr 22, 2021",247.17,251.26,239.35,239.9,"106,770,900",11.909999999999997,-1.328507382881583
"Apr 21, 2021",234.92,248.28,232.67,248.04,"93,646,500",15.610000000000014,3.39308045018758
"Apr 20, 2021",239.14,245.75,236.9,239.66,"106,827,000",8.849999999999994,-3.3784873407514904
"Apr 19, 2021",239.87,241.8,230.6,238.21,"119,058,600",11.200000000000017,-0.605023783693559
"Apr 16, 2021",242.88,249.8,241.53,246.59,"83,938,500",8.27000000000001,3.5179043700936052
"Apr 15, 2021",247.70,247.9,240.44,246.28,"83,546,700",7.460000000000008,-0.12571474917879577
"Apr 14, 2021",256.90,260.26,242.68,244.08,"147,052,200",17.579999999999984,-0.8932921877537692
"Apr 13, 2021",237.57,254.33,236.89,254.11,"133,958,400",17.440000000000026,4.109308423467706
"Apr 12, 2021",228.57,234.93,227.36,233.99,"87,407,100",7.569999999999993,-7.9178308606508985
"Apr 9, 2021",225.92,226.99,223.14,225.67,"64,311,300",3.8500000000000227,-3.5557075088679113
"Apr 8, 2021",225.79,229.85,223.88,227.93,"71,772,900",5.969999999999999,1.0014623122258204
"Apr 7, 2021",229.00,230.46,222.61,223.66,"78,928,200",7.849999999999994,-1.8733821787390914
"Apr 6, 2021",230.10,232.18,227.12,230.54,"84,815,400",5.060000000000002,3.0760976482160363
"Apr 5, 2021",235.90,236.05,228.23,230.35,"125,528,400",7.820000000000022,-0.08241519909777395
"Apr 1, 2021",229.46,230.81,219.81,220.58,"105,895,200",11.0,-4.241371825482954
"Mar 31, 2021",215.54,224.0,213.7,222.64,"100,011,900",10.300000000000011,0.9339015323238664
"Mar 30, 2021",200.58,212.55,197.0,211.87,"118,297,200",15.550000000000011,-4.837405677326623
"Mar 29, 2021",205.21,205.49,198.67,203.76,"85,911,000",6.820000000000022,-3.8278189455798417
"Mar 26, 2021",213.96,214.61,199.96,206.24,"101,558,400",14.650000000000006,1.2171181782489215
"Mar 25, 2021",204.33,215.17,203.17,213.46,"117,674,700",12.0,3.5007757951900587
"Mar 24, 2021",222.64,222.67,210.04,210.09,"101,385,600",12.629999999999995,-1.5787501171179663
"Mar 23, 2021",225.26,225.93,219.17,220.72,"91,475,700",6.760000000000019,5.059736303488971
"Mar 22, 2021",228.20,233.21,222.92,223.33,"118,536,600",10.29000000000002,1.1824936571221523
"Mar 19, 2021",215.53,219.08,208.21,218.29,"128,682,000",10.870000000000005,-2.256750100747784
"Mar 18, 2021",228.10,229.74,217.33,217.72,"99,674,400",12.409999999999997,-0.2611205277383233
"Mar 17, 2021",218.96,234.58,217.0,233.94,"121,117,500",17.580000000000013,7.449935697225785
"Mar 16, 2021",234.45,235.97,223.67,225.63,"96,587,100",12.300000000000011,-3.552192869966664
"Mar 15, 2021",231.36,237.73,228.01,235.98,"88,006,800",9.719999999999999,4.587155963302747
"Mar 12, 2021",223.33,231.63,222.05,231.24,"100,751,400",9.579999999999984,-2.0086448004068114
"Mar 11, 2021",233.13,234.17,225.73,233.2,"108,761,700",8.439999999999998,0.8476042207230527
"Mar 10, 2021",233.43,239.28,218.35,222.69,"181,817,100",20.930000000000007,-4.506861063464829
"Mar 9, 2021",202.73,226.03,198.4,224.53,"202,569,900",27.629999999999995,0.826260721181904
"Mar 8, 2021",200.18,206.71,186.26,187.67,"155,361,000",20.450000000000017,-16.416514496949187
"Mar 5, 2021",208.69,209.28,179.83,199.32,"268,189,500",29.44999999999999,6.207705014120535
"Mar 4, 2021",218.60,222.82,200.0,207.15,"197,758,500",22.819999999999993,3.9283564118001157
"Mar 3, 2021",229.33,233.57,217.24,217.73,"90,624,000",16.329999999999984,5.107410089307263
"Mar 2, 2021",239.43,240.37,228.33,228.81,"71,196,600",12.039999999999992,5.088871538143569
"Mar 1, 2021",230.04,239.67,228.35,239.48,"81,408,600",11.319999999999993,4.663257724749781
"Feb 26, 2021",233.33,235.57,219.84,225.17,"123,267,600",15.72999999999999,-5.97544680140304
"Feb 25, 2021",242.05,245.74,223.53,227.41,"117,071,700",22.210000000000008,0.9948039259226382
"Feb 24, 2021",237.28,248.33,231.39,247.34,"110,301,000",16.940000000000026,8.763906600413351
"Feb 23, 2021",220.71,237.87,206.33,232.95,"199,820,700",31.539999999999992,-5.817902482412873
"Feb 22, 2021",254.21,256.17,236.73,238.17,"111,809,100",19.440000000000026,2.240824211204129
"Feb 19, 2021",265.00,265.6,259.12,260.43,"56,874,900",6.480000000000018,9.34626527270439
"Feb 18, 2021",260.30,264.9,258.76,262.46,"53,871,300",6.139999999999986,0.7794800906193444
"Feb 17, 2021",259.70,266.61,254.0,266.05,"77,989,500",12.610000000000014,1.3678274784729272
"Feb 16, 2021",272.67,273.67,264.15,265.41,"59,406,900",9.520000000000039,-0.24055628641231896
"Feb 12, 2021",267.09,272.44,261.78,272.04,"71,304,900",10.660000000000025,2.4980219283372795
"Feb 11, 2021",270.81,276.63,267.24,270.55,"64,868,400",9.389999999999986,-0.5477135715336034
"Feb 10, 2021",281.21,281.61,266.67,268.27,"108,648,300",14.939999999999998,-0.8427277767510732
"Feb 9, 2021",285.04,286.6,280.58,283.15,"45,473,100",6.020000000000039,5.546650762291727
"Feb 8, 2021",289.89,292.59,284.92,287.81,"60,485,100",7.669999999999959,1.645770792865986
"Feb 5, 2021",281.67,288.26,279.66,284.08,"55,699,800",8.599999999999966,-1.295993884854596
"Feb 4, 2021",285.00,285.5,277.81,283.33,"47,438,100",7.689999999999998,-0.2640101379893012
"Feb 3, 2021",292.34,292.69,284.35,284.9,"55,030,500",8.339999999999975,0.5541241661666474
"Feb 2, 2021",281.56,293.5,280.73,290.93,"73,038,600",12.769999999999982,2.1165321165321327
"Feb 1, 2021",271.43,280.67,265.19,279.94,"76,174,200",15.480000000000018,-3.7775409892414014
"Jan 29, 2021",276.67,280.8,260.03,264.51,"104,972,400",20.77000000000004,-5.511895406158462
"Jan 28, 2021",273.33,282.67,267.0,278.48,"79,134,000",15.670000000000016,5.281463838796285
"Jan 27, 2021",290.12,297.17,286.22,288.05,"82,002,000",10.949999999999989,3.436512496409083
"Jan 26, 2021",297.13,298.63,290.53,294.36,"69,394,800",8.100000000000023,2.190591911126538
"Jan 25, 2021",285.00,300.13,279.61,293.6,"123,520,200",20.519999999999982,-0.25818725370294615
"Jan 22, 2021",278.10,282.67,276.21,282.21,"60,199,500",6.460000000000036,-3.8794277929155463
"Jan 21, 2021",285.00,285.24,280.47,281.66,"61,563,300",4.769999999999982,-0.19489032989615795
"Jan 20, 2021",286.25,286.5,279.09,283.48,"76,997,700",7.410000000000025,0.6461691400979852
"Jan 19, 2021",279.27,283.33,277.67,281.52,"76,101,000",5.659999999999968,-0.6914068011852792
"Jan 15, 2021",284.00,286.63,273.03,275.39,"116,332,800",13.600000000000023,-2.177465188974137
"Jan 14, 2021",281.13,287.67,279.58,281.67,"93,798,900",8.090000000000032,2.2804023385017747
"Jan 13, 2021",284.25,286.82,277.33,284.8,"99,937,500",9.490000000000009,1.1112294529058708
"Jan 12, 2021",277.00,289.33,275.78,283.15,"138,812,100",13.550000000000011,-0.5793539325842811
"Jan 11, 2021",283.13,284.81,267.87,270.4,"177,904,800",16.939999999999998,-4.502913650008833
"Jan 8, 2021",285.33,294.83,279.46,293.34,"225,166,500",15.370000000000005,8.483727810650898
"Jan 7, 2021",259.21,272.33,258.4,272.01,"154,496,700",13.930000000000007,-7.2714256494170515
"Jan 6, 2021",252.83,258.0,249.7,251.99,"134,100,000",8.300000000000011,-7.3600235285467335
"Jan 5, 2021",241.22,246.95,239.73,245.04,"96,735,600",7.219999999999999,-2.7580459542045355
"Jan 4, 2021",239.82,248.16,239.06,243.26,"145,914,600",9.099999999999994,-0.7264120143649966
