Date,Open,High,Low,Close    Close price adjusted for splits.,Adj Close    Adjusted close price adjusted for splits and dividend and/or capital gain distributions.,Volume
"Dec 29, 2023",255.10,255.19,247.43,248.48,248.48,"100,615,300"
"Dec 28, 2023",263.66,265.13,252.71,253.18,253.18,"113,619,900"
"Dec 27, 2023",258.35,263.34,257.52,261.44,261.44,"106,494,400"
"Dec 26, 2023",254.49,257.97,252.91,256.61,256.61,"86,892,400"
"Dec 22, 2023",256.76,258.22,251.37,252.54,252.54,"93,249,800"
"Dec 21, 2023",251.90,254.80,248.55,254.50,254.50,"109,594,200"
"Dec 20, 2023",256.41,259.84,247.00,247.14,247.14,"125,097,000"
"Dec 19, 2023",253.48,258.34,253.01,257.22,257.22,"106,737,400"
"Dec 18, 2023",253.78,258.74,251.36,252.08,252.08,"116,416,500"
"Dec 15, 2023",251.21,254.13,248.30,253.50,253.50,"135,720,800"
"Dec 14, 2023",241.22,253.88,240.79,251.05,251.05,"160,829,200"
"Dec 13, 2023",234.19,240.30,228.20,239.29,239.29,"146,286,300"
"Dec 12, 2023",238.55,238.99,233.87,237.01,237.01,"95,328,300"
"Dec 11, 2023",242.74,243.44,237.45,239.74,239.74,"97,913,900"
"Dec 8, 2023",240.27,245.27,239.27,243.84,243.84,"102,980,100"
"Dec 7, 2023",241.55,244.08,236.98,242.64,242.64,"107,142,300"
"Dec 6, 2023",242.92,246.57,239.17,239.37,239.37,"126,436,200"
"Dec 5, 2023",233.87,246.66,233.70,238.72,238.72,"137,971,100"
"Dec 4, 2023",235.75,239.37,233.29,235.58,235.58,"104,099,800"
"Dec 1, 2023",233.14,240.19,231.90,238.83,238.83,"121,173,500"
"Nov 30, 2023",245.14,245.22,236.91,240.08,240.08,"132,353,200"
"Nov 29, 2023",249.21,252.75,242.76,244.14,244.14,"135,401,300"
"Nov 28, 2023",236.68,247.00,234.01,246.72,246.72,"148,549,900"
"Nov 27, 2023",236.89,238.33,232.10,236.08,236.08,"112,031,800"
"Nov 24, 2023",233.75,238.75,232.33,235.45,235.45,"65,125,200"
"Nov 22, 2023",242.04,244.01,231.40,234.21,234.21,"117,950,600"
"Nov 21, 2023",235.04,243.62,233.34,241.20,241.20,"122,288,000"
"Nov 20, 2023",234.04,237.10,231.02,235.60,235.60,"116,320,100"
"Nov 17, 2023",232.00,237.39,226.54,234.30,234.30,"142,532,800"
"Nov 16, 2023",239.49,240.88,230.96,233.59,233.59,"136,816,800"
"Nov 15, 2023",239.29,246.70,236.45,242.84,242.84,"150,354,000"
"Nov 14, 2023",235.03,238.14,230.72,237.41,237.41,"149,771,600"
"Nov 13, 2023",215.60,225.40,211.61,223.71,223.71,"140,447,600"
"Nov 10, 2023",210.03,215.38,205.69,214.65,214.65,"130,994,000"
"Nov 9, 2023",219.75,220.80,206.68,209.98,209.98,"142,110,500"
"Nov 8, 2023",223.15,224.15,217.64,222.11,222.11,"106,584,800"
"Nov 7, 2023",219.98,223.12,215.72,222.18,222.18,"116,900,100"
"Nov 6, 2023",223.98,226.32,215.00,219.27,219.27,"117,335,800"
"Nov 3, 2023",221.15,226.37,218.40,219.96,219.96,"119,281,000"
"Nov 2, 2023",212.97,219.20,211.45,218.51,218.51,"125,987,600"
"Nov 1, 2023",204.04,205.99,197.85,205.66,205.66,"121,661,700"
"Oct 31, 2023",196.12,202.80,194.07,200.84,200.84,"118,068,300"
"Oct 30, 2023",209.28,210.88,194.67,197.36,197.36,"136,448,200"
"Oct 27, 2023",210.60,212.41,205.77,207.30,207.30,"94,881,200"
"Oct 26, 2023",211.32,214.80,204.88,205.76,205.76,"115,112,600"
"Oct 25, 2023",215.88,220.10,212.20,212.42,212.42,"107,065,100"
"Oct 24, 2023",216.50,222.05,214.11,216.52,216.52,"118,231,100"
"Oct 23, 2023",210.00,216.98,202.51,212.08,212.08,"150,683,400"
"Oct 20, 2023",217.01,218.86,210.42,211.99,211.99,"137,734,000"
"Oct 19, 2023",225.95,230.61,216.78,220.11,220.11,"170,772,700"
"Oct 18, 2023",252.70,254.63,242.08,242.68,242.68,"125,147,800"
"Oct 17, 2023",250.10,257.18,247.08,254.85,254.85,"93,562,900"
"Oct 16, 2023",250.05,255.40,248.48,253.92,253.92,"88,917,200"
"Oct 13, 2023",258.90,259.60,250.22,251.12,251.12,"102,073,800"
"Oct 12, 2023",262.92,265.41,256.63,258.87,258.87,"111,508,100"
"Oct 11, 2023",266.20,268.60,260.90,262.99,262.99,"103,706,300"
"Oct 10, 2023",257.75,268.94,257.65,263.62,263.62,"122,656,000"
"Oct 9, 2023",255.31,261.36,252.05,259.67,259.67,"101,377,900"
"Oct 6, 2023",253.98,261.65,250.65,260.53,260.53,"117,947,000"
"Oct 5, 2023",260.00,263.60,256.25,260.05,260.05,"119,159,200"
"Oct 4, 2023",248.14,261.86,247.60,261.16,261.16,"129,721,600"
"Oct 3, 2023",248.61,250.02,244.45,246.53,246.53,"101,985,300"
"Oct 2, 2023",244.81,254.28,242.62,251.60,251.60,"123,810,400"
"Sep 29, 2023",250.00,254.77,246.35,250.22,250.22,"128,346,200"
"Sep 28, 2023",240.02,247.55,238.65,246.38,246.38,"117,058,900"
"Sep 27, 2023",244.26,245.33,234.58,240.50,240.50,"136,597,200"
"Sep 26, 2023",242.98,249.55,241.66,244.12,244.12,"101,993,600"
"Sep 25, 2023",243.38,247.10,238.31,246.99,246.99,"104,636,600"
"Sep 22, 2023",257.40,257.79,244.48,244.88,244.88,"127,524,100"
"Sep 21, 2023",257.85,260.86,254.21,255.70,255.70,"119,531,000"
"Sep 20, 2023",267.04,273.93,262.46,262.59,262.59,"122,514,600"
"Sep 19, 2023",264.35,267.85,261.20,266.50,266.50,"103,704,000"
"Sep 18, 2023",271.16,271.44,263.76,265.28,265.28,"101,543,300"
"Sep 15, 2023",277.55,278.98,271.00,274.39,274.39,"133,422,800"
"Sep 14, 2023",271.32,276.71,270.42,276.04,276.04,"107,709,800"
"Sep 13, 2023",270.07,274.98,268.10,271.30,271.30,"111,673,700"
"Sep 12, 2023",270.76,278.39,266.60,267.48,267.48,"135,999,900"
"Sep 11, 2023",264.27,274.85,260.61,273.58,273.58,"174,667,900"
"Sep 8, 2023",251.22,256.52,246.67,248.50,248.50,"118,367,700"
"Sep 7, 2023",245.07,252.81,243.27,251.49,251.49,"115,312,900"
"Sep 6, 2023",255.14,255.39,245.06,251.92,251.92,"116,959,800"
"Sep 5, 2023",245.00,258.00,244.86,256.49,256.49,"129,469,600"
"Sep 1, 2023",257.26,259.08,242.01,245.01,245.01,"132,272,500"
"Aug 31, 2023",255.98,261.18,255.05,258.08,258.08,"108,861,700"
"Aug 30, 2023",254.20,260.51,250.59,256.90,256.90,"121,988,400"
"Aug 29, 2023",238.58,257.48,237.77,257.18,257.18,"134,047,600"
"Aug 28, 2023",242.58,244.38,235.35,238.82,238.82,"107,673,700"
"Aug 25, 2023",231.31,239.00,230.35,238.59,238.59,"106,612,200"
"Aug 24, 2023",238.66,238.92,228.18,230.04,230.04,"99,777,400"
"Aug 23, 2023",229.34,238.98,229.29,236.86,236.86,"101,077,600"
"Aug 22, 2023",240.25,240.82,229.55,233.19,233.19,"130,597,900"
"Aug 21, 2023",221.55,232.13,220.58,231.28,231.28,"135,702,700"
"Aug 18, 2023",214.12,217.58,212.36,215.49,215.49,"135,813,700"
"Aug 17, 2023",226.06,226.74,218.83,219.22,219.22,"120,718,400"
"Aug 16, 2023",228.02,233.97,225.38,225.60,225.60,"112,484,500"
"Aug 15, 2023",238.73,240.50,232.61,232.96,232.96,"88,197,600"
"Aug 14, 2023",235.70,240.66,233.75,239.76,239.76,"98,595,300"
"Aug 11, 2023",241.77,243.79,238.02,242.65,242.65,"98,866,600"
"Aug 10, 2023",245.40,251.80,243.00,245.34,245.34,"109,498,600"
"Aug 9, 2023",250.87,251.10,241.90,242.19,242.19,"101,596,300"
"Aug 8, 2023",247.45,250.92,245.01,249.70,249.70,"96,642,200"
"Aug 7, 2023",251.45,253.65,242.76,251.45,251.45,"111,097,900"
"Aug 4, 2023",260.97,264.77,253.11,253.86,253.86,"99,242,600"
"Aug 3, 2023",252.04,260.49,252.00,259.32,259.32,"97,569,100"
"Aug 2, 2023",255.57,259.52,250.49,254.11,254.11,"101,752,900"
"Aug 1, 2023",266.26,266.47,260.25,261.07,261.07,"83,166,000"
"Jul 31, 2023",267.48,269.08,263.78,267.43,267.43,"84,582,200"
"Jul 28, 2023",259.86,267.25,258.23,266.44,266.44,"111,446,000"
"Jul 27, 2023",268.31,269.13,255.30,255.71,255.71,"103,697,300"
"Jul 26, 2023",263.25,268.04,261.75,264.35,264.35,"95,856,200"
"Jul 25, 2023",272.38,272.90,265.00,265.28,265.28,"112,757,300"
"Jul 24, 2023",255.85,269.85,254.12,269.06,269.06,"136,508,500"
"Jul 21, 2023",268.00,268.00,255.80,260.02,260.02,"161,050,100"
"Jul 20, 2023",279.56,280.93,261.20,262.90,262.90,"175,158,300"
"Jul 19, 2023",296.04,299.29,289.52,291.26,291.26,"142,355,400"
"Jul 18, 2023",290.15,295.26,286.01,293.34,293.34,"112,434,700"
"Jul 17, 2023",286.63,292.23,283.57,290.38,290.38,"131,569,600"
"Jul 14, 2023",277.01,285.30,276.31,281.38,281.38,"119,771,100"
"Jul 13, 2023",274.59,279.45,270.60,277.90,277.90,"112,681,500"
"Jul 12, 2023",276.33,276.52,271.46,271.99,271.99,"95,672,100"
"Jul 11, 2023",268.65,270.90,266.37,269.79,269.79,"91,972,400"
"Jul 10, 2023",276.47,277.52,265.10,269.61,269.61,"119,425,400"
"Jul 7, 2023",278.43,280.78,273.77,274.43,274.43,"113,602,000"
"Jul 6, 2023",278.09,279.97,272.88,276.54,276.54,"120,332,100"
"Jul 5, 2023",278.82,283.85,277.60,282.48,282.48,"131,530,900"
"Jul 3, 2023",276.49,284.25,275.11,279.82,279.82,"119,685,900"
"Jun 30, 2023",260.60,264.45,259.89,261.77,261.77,"112,267,600"
"Jun 29, 2023",258.03,260.74,253.61,257.50,257.50,"131,283,400"
"Jun 28, 2023",249.70,259.88,248.89,256.24,256.24,"159,770,800"
"Jun 27, 2023",243.24,250.39,240.85,250.21,250.21,"164,968,200"
"Jun 26, 2023",250.07,258.37,240.70,241.05,241.05,"179,990,600"
"Jun 23, 2023",259.29,262.45,252.80,256.60,256.60,"176,584,100"
"Jun 22, 2023",250.77,265.00,248.25,264.61,264.61,"166,875,900"
"Jun 21, 2023",275.13,276.99,257.78,259.46,259.46,"211,797,100"
"Jun 20, 2023",261.50,274.75,261.12,274.45,274.45,"165,611,200"
"Jun 16, 2023",258.92,263.60,257.21,260.54,260.54,"167,563,700"
"Jun 15, 2023",248.40,258.95,247.29,255.90,255.90,"160,171,200"
"Jun 14, 2023",260.17,261.57,250.50,256.79,256.79,"170,575,500"
"Jun 13, 2023",253.51,259.68,251.34,258.71,258.71,"162,384,300"
"Jun 12, 2023",247.94,250.97,244.59,249.83,249.83,"150,337,900"
"Jun 9, 2023",249.07,252.42,242.02,244.40,244.40,"199,882,300"
"Jun 8, 2023",224.22,235.23,223.01,234.86,234.86,"164,489,700"
"Jun 7, 2023",228.00,230.83,223.20,224.57,224.57,"185,710,800"
"Jun 6, 2023",216.14,221.91,212.53,221.31,221.31,"146,911,600"
"Jun 5, 2023",217.80,221.29,214.52,217.61,217.61,"151,143,100"
"Jun 2, 2023",210.15,217.25,209.75,213.97,213.97,"164,129,000"
"Jun 1, 2023",202.59,209.80,199.37,207.52,207.52,"148,029,900"
"May 31, 2023",199.78,203.95,195.12,203.93,203.93,"150,711,700"
"May 30, 2023",200.10,204.48,197.53,201.16,201.16,"128,818,700"
"May 26, 2023",184.62,198.60,184.53,193.17,193.17,"162,061,500"
"May 25, 2023",186.54,186.78,180.58,184.47,184.47,"96,870,700"
"May 24, 2023",182.23,184.22,178.22,182.90,182.90,"137,605,100"
"May 23, 2023",186.20,192.96,185.26,185.77,185.77,"156,952,100"
"May 22, 2023",180.70,189.32,180.11,188.87,188.87,"132,001,400"
"May 19, 2023",177.17,181.95,176.31,180.14,180.14,"136,024,200"
"May 18, 2023",174.22,177.06,172.45,176.89,176.89,"109,520,300"
"May 17, 2023",168.41,174.50,167.19,173.86,173.86,"125,473,600"
"May 16, 2023",165.65,169.52,164.35,166.52,166.52,"98,288,800"
"May 15, 2023",167.66,169.76,164.55,166.35,166.35,"105,592,500"
"May 12, 2023",176.07,177.38,167.23,167.98,167.98,"157,577,100"
"May 11, 2023",168.70,173.57,166.79,172.08,172.08,"103,889,900"
"May 10, 2023",172.55,174.43,166.68,168.54,168.54,"119,840,700"
"May 9, 2023",168.95,169.82,166.56,169.15,169.15,"88,965,000"
"May 8, 2023",173.72,173.80,169.19,171.79,171.79,"112,249,400"
"May 5, 2023",163.97,170.79,163.51,170.06,170.06,"107,440,900"
"May 4, 2023",162.71,162.95,159.65,161.20,161.20,"95,108,500"
"May 3, 2023",160.01,165.00,159.91,160.61,160.61,"119,728,000"
"May 2, 2023",161.88,165.49,158.93,160.31,160.31,"128,259,700"
"May 1, 2023",163.17,163.28,158.83,161.83,161.83,"109,015,000"
"Apr 28, 2023",160.90,165.00,157.32,164.31,164.31,"122,515,800"
"Apr 27, 2023",152.64,160.48,152.37,160.19,160.19,"127,015,200"
"Apr 26, 2023",160.29,160.67,153.14,153.75,153.75,"153,364,100"
"Apr 25, 2023",159.82,163.47,158.75,160.67,160.67,"121,999,300"
"Apr 24, 2023",164.65,165.65,158.61,162.55,162.55,"140,006,600"
"Apr 21, 2023",164.80,166.00,161.32,165.08,165.08,"123,539,000"
"Apr 20, 2023",166.17,169.70,160.56,162.99,162.99,"210,970,800"
"Apr 19, 2023",179.10,183.50,177.65,180.59,180.59,"125,732,700"
"Apr 18, 2023",187.15,187.69,183.58,184.31,184.31,"92,067,000"
"Apr 17, 2023",186.32,189.69,182.69,187.04,187.04,"116,662,200"
"Apr 14, 2023",183.95,186.28,182.01,185.00,185.00,"96,438,700"
"Apr 13, 2023",182.96,186.50,180.94,185.90,185.90,"112,933,000"
"Apr 12, 2023",190.74,191.58,180.31,180.54,180.54,"150,256,300"
"Apr 11, 2023",186.69,189.19,185.65,186.79,186.79,"115,770,900"
"Apr 10, 2023",179.94,185.10,176.11,184.51,184.51,"142,154,600"
"Apr 6, 2023",183.08,186.39,179.74,185.06,185.06,"123,857,900"
"Apr 5, 2023",190.52,190.68,183.76,185.52,185.52,"133,882,500"
"Apr 4, 2023",197.32,198.74,190.32,192.58,192.58,"126,463,800"
"Apr 3, 2023",199.91,202.69,192.20,194.77,194.77,"169,545,900"
"Mar 31, 2023",197.53,207.79,197.20,207.46,207.46,"170,222,100"
"Mar 30, 2023",195.58,197.33,194.42,195.28,195.28,"110,252,200"
"Mar 29, 2023",193.13,195.29,189.44,193.88,193.88,"123,660,000"
"Mar 28, 2023",192.00,192.35,185.43,189.19,189.19,"98,654,600"
"Mar 27, 2023",194.42,197.39,189.94,191.81,191.81,"120,851,600"
"Mar 24, 2023",191.65,192.36,187.15,190.41,190.41,"116,312,400"
"Mar 23, 2023",195.26,199.31,188.65,192.22,192.22,"144,193,900"
"Mar 22, 2023",199.30,200.66,190.95,191.15,191.15,"150,376,400"
"Mar 21, 2023",188.28,198.00,188.04,197.58,197.58,"153,391,400"
"Mar 20, 2023",178.08,186.44,176.35,183.25,183.25,"129,684,400"
"Mar 17, 2023",184.52,186.22,177.33,180.13,180.13,"133,197,100"
"Mar 16, 2023",180.37,185.81,178.84,184.13,184.13,"121,136,800"
"Mar 15, 2023",180.80,182.34,176.03,180.45,180.45,"145,995,600"
"Mar 14, 2023",177.31,183.80,177.14,183.26,183.26,"143,717,900"
"Mar 13, 2023",167.46,177.35,163.91,174.48,174.48,"167,790,300"
"Mar 10, 2023",175.13,178.29,168.44,173.44,173.44,"191,488,900"
"Mar 9, 2023",180.25,185.18,172.51,172.92,172.92,"170,023,800"
"Mar 8, 2023",185.04,186.50,180.00,182.00,182.00,"151,897,800"
"Mar 7, 2023",191.38,194.20,186.10,187.71,187.71,"148,125,800"
"Mar 6, 2023",198.54,198.60,192.30,193.81,193.81,"128,100,100"
"Mar 3, 2023",194.80,200.48,192.88,197.79,197.79,"154,193,300"
"Mar 2, 2023",186.74,193.75,186.01,190.90,190.90,"181,500,700"
"Mar 1, 2023",206.21,207.20,198.52,202.77,202.77,"156,852,800"
"Feb 28, 2023",210.59,211.23,203.75,205.71,205.71,"153,144,900"
"Feb 27, 2023",202.03,209.42,201.26,207.63,207.63,"161,028,300"
"Feb 24, 2023",196.33,197.67,192.80,196.88,196.88,"142,228,100"
"Feb 23, 2023",203.91,205.14,196.33,202.07,202.07,"146,360,000"
"Feb 22, 2023",197.93,201.99,191.78,200.86,200.86,"191,828,500"
"Feb 21, 2023",204.99,209.71,197.22,197.37,197.37,"180,018,600"
"Feb 17, 2023",199.99,208.44,197.50,208.31,208.31,"213,738,500"
"Feb 16, 2023",210.78,217.65,201.84,202.04,202.04,"229,586,500"
"Feb 15, 2023",211.76,214.66,206.11,214.24,214.24,"181,006,400"
"Feb 14, 2023",191.94,209.82,189.44,209.25,209.25,"216,455,700"
"Feb 13, 2023",194.42,196.30,187.61,194.64,194.64,"172,475,500"
"Feb 10, 2023",202.23,206.20,192.89,196.89,196.89,"204,754,100"
"Feb 9, 2023",207.78,214.00,204.77,207.32,207.32,"215,431,400"
"Feb 8, 2023",196.10,203.00,194.31,201.29,201.29,"180,673,600"
"Feb 7, 2023",196.43,197.50,189.55,196.81,196.81,"186,010,300"
"Feb 6, 2023",193.01,198.17,189.92,194.76,194.76,"186,188,100"
"Feb 3, 2023",183.95,199.00,183.69,189.98,189.98,"232,662,000"
"Feb 2, 2023",187.33,196.75,182.61,188.27,188.27,"217,448,300"
"Feb 1, 2023",173.89,183.81,169.93,181.41,181.41,"213,806,300"
"Jan 31, 2023",164.57,174.30,162.78,173.22,173.22,"196,813,500"
"Jan 30, 2023",178.05,179.77,166.50,166.66,166.66,"230,878,800"
"Jan 27, 2023",162.43,180.68,161.17,177.90,177.90,"306,590,600"
"Jan 26, 2023",159.97,161.42,154.76,160.27,160.27,"234,815,100"
"Jan 25, 2023",141.91,146.41,138.07,144.43,144.43,"192,734,300"
"Jan 24, 2023",143.00,146.50,141.10,143.89,143.89,"158,699,100"
"Jan 23, 2023",135.87,145.38,134.27,143.75,143.75,"203,119,200"
"Jan 20, 2023",128.68,133.51,127.35,133.42,133.42,"138,858,100"
"Jan 19, 2023",127.26,129.99,124.31,127.17,127.17,"170,291,900"
"Jan 18, 2023",136.56,136.68,127.01,128.78,128.78,"195,680,300"
"Jan 17, 2023",125.70,131.70,125.02,131.49,131.49,"186,477,000"
"Jan 13, 2023",116.55,122.63,115.60,122.40,122.40,"180,714,100"
"Jan 12, 2023",122.56,124.13,117.00,123.56,123.56,"169,400,900"
"Jan 11, 2023",122.09,125.95,120.51,123.22,123.22,"183,810,800"
"Jan 10, 2023",121.07,122.76,114.92,118.85,118.85,"167,642,500"
"Jan 9, 2023",118.96,123.52,117.11,119.77,119.77,"190,284,000"
"Jan 6, 2023",103.00,114.39,101.81,113.06,113.06,"220,911,100"
"Jan 5, 2023",110.51,111.75,107.16,110.34,110.34,"157,986,300"
"Jan 4, 2023",109.11,114.59,107.52,113.64,113.64,"180,389,000"
"Jan 3, 2023",118.47,118.80,104.64,108.10,108.10,"231,402,800"
"Dec 30, 2022",119.95,124.48,119.75,123.18,123.18,"157,777,300"
"Dec 29, 2022",120.39,123.57,117.50,121.82,121.82,"221,923,300"
"Dec 28, 2022",110.35,116.27,108.24,112.71,112.71,"221,070,500"
"Dec 27, 2022",117.50,119.67,108.76,109.10,109.10,"208,643,400"
"Dec 23, 2022",126.37,128.62,121.02,123.15,123.15,"166,989,700"
"Dec 22, 2022",136.00,136.63,122.26,125.35,125.35,"210,090,300"
"Dec 21, 2022",139.34,141.26,135.89,137.57,137.57,"145,417,400"
"Dec 20, 2022",146.05,148.47,137.66,137.80,137.80,"159,563,300"
"Dec 19, 2022",154.00,155.25,145.82,149.87,149.87,"139,390,600"
"Dec 16, 2022",159.64,160.99,150.04,150.23,150.23,"139,032,200"
"Dec 15, 2022",153.44,160.93,153.28,157.67,157.67,"122,334,500"
"Dec 14, 2022",159.25,161.62,155.31,156.80,156.80,"140,682,300"
"Dec 13, 2022",174.87,175.05,156.91,160.95,160.95,"175,862,700"
"Dec 12, 2022",176.10,177.37,167.52,167.82,167.82,"109,794,500"
"Dec 9, 2022",173.84,182.50,173.36,179.05,179.05,"104,872,300"
"Dec 8, 2022",172.20,175.20,169.06,173.44,173.44,"97,624,500"
"Dec 7, 2022",175.03,179.38,172.22,174.04,174.04,"84,213,300"
"Dec 6, 2022",181.22,183.65,175.33,179.82,179.82,"92,150,800"
"Dec 5, 2022",189.44,191.27,180.55,182.45,182.45,"93,122,700"
"Dec 2, 2022",191.78,196.25,191.11,194.86,194.86,"73,645,900"
"Dec 1, 2022",197.08,198.92,191.80,194.70,194.70,"80,046,200"
"Nov 30, 2022",182.43,194.76,180.63,194.70,194.70,"109,186,400"
"Nov 29, 2022",184.99,186.38,178.75,180.83,180.83,"83,357,100"
"Nov 28, 2022",179.96,188.50,179.00,182.92,182.92,"92,905,200"
"Nov 25, 2022",185.06,185.20,180.63,182.86,182.86,"50,672,700"
"Nov 23, 2022",173.57,183.62,172.50,183.20,183.20,"109,536,700"
"Nov 22, 2022",168.63,170.92,166.19,169.91,169.91,"78,452,300"
"Nov 21, 2022",175.85,176.77,167.54,167.87,167.87,"92,882,700"
"Nov 18, 2022",185.05,185.19,176.55,180.19,180.19,"76,048,900"
"Nov 17, 2022",183.96,186.16,180.90,183.17,183.17,"64,336,000"
"Nov 16, 2022",191.51,192.57,185.66,186.92,186.92,"66,567,600"
"Nov 15, 2022",195.88,200.82,192.06,194.42,194.42,"91,293,800"
"Nov 14, 2022",192.77,195.73,186.34,190.95,190.95,"92,226,600"
"Nov 11, 2022",186.00,196.52,182.59,195.97,195.97,"114,403,600"
"Nov 10, 2022",189.90,191.00,180.03,190.72,190.72,"132,703,000"
"Nov 9, 2022",190.78,195.89,177.12,177.59,177.59,"127,062,700"
"Nov 8, 2022",194.02,195.20,186.75,191.30,191.30,"128,803,400"
"Nov 7, 2022",208.65,208.90,196.66,197.08,197.08,"93,916,500"
"Nov 4, 2022",222.60,223.80,203.08,207.47,207.47,"98,622,200"
"Nov 3, 2022",211.36,221.20,210.14,215.31,215.31,"56,538,800"
"Nov 2, 2022",226.04,227.87,214.82,214.98,214.98,"63,070,300"
"Nov 1, 2022",234.05,237.40,227.28,227.82,227.82,"62,688,800"
"Oct 31, 2022",226.19,229.85,221.94,227.54,227.54,"61,554,300"
"Oct 28, 2022",225.40,228.86,216.35,228.52,228.52,"69,152,400"
"Oct 27, 2022",229.77,233.81,222.85,225.09,225.09,"61,638,800"
"Oct 26, 2022",219.40,230.60,218.20,224.64,224.64,"85,012,500"
"Oct 25, 2022",210.10,224.35,210.00,222.42,222.42,"96,507,900"
"Oct 24, 2022",205.82,213.50,198.59,211.25,211.25,"100,446,800"
"Oct 21, 2022",206.42,214.66,203.80,214.44,214.44,"75,713,800"
"Oct 20, 2022",208.28,215.55,202.00,207.28,207.28,"117,798,100"
"Oct 19, 2022",219.80,222.93,217.78,222.04,222.04,"66,571,500"
"Oct 18, 2022",229.50,229.82,217.25,220.19,220.19,"75,891,900"
"Oct 17, 2022",210.04,221.86,209.45,219.35,219.35,"79,428,800"
"Oct 14, 2022",224.01,226.26,204.16,204.99,204.99,"94,124,500"
"Oct 13, 2022",208.30,222.99,206.22,221.72,221.72,"91,483,000"
"Oct 12, 2022",215.33,219.30,211.51,217.24,217.24,"66,860,700"
"Oct 11, 2022",220.95,225.75,215.00,216.50,216.50,"77,013,200"
"Oct 10, 2022",223.93,226.99,218.36,222.96,222.96,"67,925,000"
"Oct 7, 2022",233.94,234.57,222.02,223.07,223.07,"83,916,800"
"Oct 6, 2022",239.44,244.58,235.35,238.13,238.13,"69,298,400"
"Oct 5, 2022",245.01,246.67,233.27,240.81,240.81,"86,982,700"
"Oct 4, 2022",250.52,257.50,242.01,249.44,249.44,"109,578,500"
"Oct 3, 2022",254.50,255.16,241.01,242.40,242.40,"98,363,500"
"Sep 30, 2022",266.15,275.57,262.47,265.25,265.25,"67,726,600"
"Sep 29, 2022",282.76,283.65,265.78,268.21,268.21,"77,620,600"
"Sep 28, 2022",283.08,289.00,277.57,287.81,287.81,"54,664,800"
"Sep 27, 2022",283.84,288.67,277.51,282.94,282.94,"61,925,200"
"Sep 26, 2022",271.83,284.09,270.31,276.01,276.01,"58,076,900"
"Sep 23, 2022",283.09,284.50,272.82,275.33,275.33,"63,748,400"
"Sep 22, 2022",299.86,301.29,285.82,288.59,288.59,"70,545,400"
"Sep 21, 2022",308.29,313.80,300.63,300.80,300.80,"62,555,700"
"Sep 20, 2022",306.91,313.33,305.58,308.73,308.73,"61,642,800"
"Sep 19, 2022",300.09,309.84,297.80,309.07,309.07,"60,231,200"
"Sep 16, 2022",299.61,303.71,295.60,303.35,303.35,"87,087,800"
"Sep 15, 2022",301.83,309.12,300.72,303.75,303.75,"64,795,500"
"Sep 14, 2022",292.24,306.00,291.64,302.61,302.61,"72,628,700"
"Sep 13, 2022",292.90,297.40,290.40,292.13,292.13,"68,229,600"
"Sep 12, 2022",300.72,305.49,300.40,304.42,304.42,"48,674,600"
"Sep 9, 2022",291.67,299.85,291.25,299.68,299.68,"54,338,100"
"Sep 8, 2022",281.30,289.50,279.76,289.26,289.26,"53,713,100"
"Sep 7, 2022",273.10,283.84,272.27,283.70,283.70,"50,028,900"
"Sep 6, 2022",272.68,275.99,265.74,274.42,274.42,"55,860,000"
"Sep 2, 2022",281.07,282.35,269.08,270.21,270.21,"50,890,100"
"Sep 1, 2022",272.58,277.58,266.15,277.16,277.16,"54,287,000"
"Aug 31, 2022",280.62,281.25,271.81,275.61,275.61,"52,107,300"
"Aug 30, 2022",287.87,288.48,272.65,277.70,277.70,"50,541,800"
"Aug 29, 2022",282.83,287.74,280.70,284.82,284.82,"41,864,700"
"Aug 26, 2022",297.43,302.00,287.47,288.09,288.09,"57,163,900"
"Aug 25, 2022",3:1 Stock Splits,,,,,
"Aug 25, 2022",302.36,302.96,291.60,296.07,296.07,"53,230,000"
"Aug 24, 2022",297.56,303.65,296.50,297.10,297.10,"57,259,800"
"Aug 23, 2022",291.45,298.83,287.92,296.45,296.45,"63,984,900"
"Aug 22, 2022",291.91,292.40,286.30,289.91,289.91,"55,843,200"
"Aug 19, 2022",299.00,300.36,292.50,296.67,296.67,"61,395,300"
"Aug 18, 2022",306.00,306.50,301.85,302.87,302.87,"47,500,500"
"Aug 17, 2022",303.40,309.66,300.03,304.00,304.00,"68,766,000"
"Aug 16, 2022",311.67,314.67,302.88,306.56,306.56,"88,136,400"
"Aug 15, 2022",301.79,313.13,301.23,309.32,309.32,"89,359,200"
"Aug 12, 2022",289.42,300.16,285.03,300.03,300.03,"79,657,200"
"Aug 11, 2022",296.51,298.24,285.83,286.63,286.63,"70,155,000"
"Aug 10, 2022",297.07,297.51,283.37,294.36,294.36,"94,918,800"
"Aug 9, 2022",290.29,292.40,279.35,283.33,283.33,"86,244,600"
"Aug 8, 2022",295.00,305.20,289.09,290.42,290.42,"98,994,000"
"Aug 5, 2022",302.67,304.61,285.54,288.17,288.17,"113,172,900"
"Aug 4, 2022",311.00,313.61,305.00,308.63,308.63,"72,256,200"
"Aug 3, 2022",305.00,309.55,301.15,307.40,307.40,"80,091,000"
"Aug 2, 2022",294.00,307.83,292.67,300.59,300.59,"95,577,600"
"Aug 1, 2022",301.28,311.88,295.00,297.28,297.28,"117,042,900"
"Jul 29, 2022",280.70,298.32,279.10,297.15,297.15,"95,313,000"
"Jul 28, 2022",280.07,283.30,272.80,280.90,280.90,"84,723,000"
"Jul 27, 2022",263.81,275.93,261.79,274.82,274.82,"88,110,000"
"Jul 26, 2022",266.51,267.31,256.26,258.86,258.86,"66,820,800"
"Jul 25, 2022",272.22,274.15,267.40,268.43,268.43,"64,073,400"
"Jul 22, 2022",276.22,280.79,270.71,272.24,272.24,"103,472,700"
"Jul 21, 2022",255.11,273.27,254.87,271.71,271.71,"142,032,300"
"Jul 20, 2022",246.78,250.66,243.48,247.50,247.50,"88,864,200"
"Jul 19, 2022",245.00,247.14,236.98,245.53,245.53,"80,890,200"
"Jul 18, 2022",244.94,250.52,239.60,240.55,240.55,"82,537,500"
"Jul 15, 2022",240.00,243.62,236.89,240.07,240.07,"69,683,100"
"Jul 14, 2022",234.90,238.65,229.33,238.31,238.31,"78,557,400"
"Jul 13, 2022",225.50,242.06,225.03,237.04,237.04,"97,954,500"
"Jul 12, 2022",236.85,239.77,228.37,233.07,233.07,"87,930,900"
"Jul 11, 2022",252.10,253.06,233.63,234.34,234.34,"99,241,200"
"Jul 8, 2022",242.33,254.98,241.16,250.76,250.76,"101,854,200"
"Jul 7, 2022",233.92,245.36,232.21,244.54,244.54,"81,930,600"
"Jul 6, 2022",230.78,234.56,227.19,231.73,231.73,"71,853,600"
"Jul 5, 2022",223.00,233.15,216.17,233.07,233.07,"84,581,100"
"Jul 1, 2022",227.00,230.23,222.12,227.26,227.26,"74,460,300"
"Jun 30, 2022",224.51,229.46,218.86,224.47,224.47,"94,600,500"
"Jun 29, 2022",230.50,231.17,222.27,228.49,228.49,"82,897,200"
"Jun 28, 2022",244.48,249.97,232.34,232.66,232.66,"90,391,200"
"Jun 27, 2022",249.37,252.07,242.57,244.92,244.92,"89,178,300"
"Jun 24, 2022",237.47,246.07,236.09,245.71,245.71,"95,770,800"
"Jun 23, 2022",237.91,239.32,228.64,235.07,235.07,"104,202,600"
"Jun 22, 2022",234.50,246.83,233.83,236.09,236.09,"101,107,500"
"Jun 21, 2022",224.60,243.58,224.33,237.04,237.04,"122,793,000"
"Jun 17, 2022",213.43,220.97,213.20,216.76,216.76,"92,641,800"
"Jun 16, 2022",222.74,225.17,208.69,213.10,213.10,"107,390,700"
"Jun 15, 2022",220.92,235.66,218.15,233.00,233.00,"119,131,800"
"Jun 14, 2022",218.29,226.33,211.74,220.89,220.89,"97,988,700"
"Jun 13, 2022",223.17,226.63,214.68,215.74,215.74,"102,767,400"
"Jun 10, 2022",235.16,239.50,227.91,232.23,232.23,"97,536,600"
"Jun 9, 2022",249.34,255.55,239.33,239.71,239.71,"96,491,400"
"Jun 8, 2022",240.09,249.96,239.18,241.87,241.87,"76,210,500"
"Jun 7, 2022",234.00,240.00,230.09,238.89,238.89,"72,808,500"
"Jun 6, 2022",244.35,244.87,234.35,238.28,238.28,"84,204,600"
"Jun 3, 2022",243.23,247.80,233.42,234.52,234.52,"112,393,800"
"Jun 2, 2022",244.16,264.21,242.07,258.33,258.33,"93,473,100"
"Jun 1, 2022",251.72,257.33,243.64,246.79,246.79,"77,247,900"
"May 31, 2022",257.95,259.60,244.74,252.75,252.75,"101,914,500"
"May 27, 2022",241.08,253.27,240.18,253.21,253.21,"89,295,000"
"May 26, 2022",220.47,239.56,217.89,235.91,235.91,"106,003,200"
"May 25, 2022",207.95,223.11,207.67,219.60,219.60,"92,139,300"
"May 24, 2022",217.84,217.97,206.86,209.39,209.39,"89,092,500"
"May 23, 2022",218.34,226.65,212.69,224.97,224.97,"88,903,500"
"May 20, 2022",238.00,240.53,211.00,221.30,221.30,"144,973,200"
"May 19, 2022",235.67,244.67,231.37,236.47,236.47,"90,296,700"
"May 18, 2022",248.17,253.50,233.60,236.60,236.60,"87,811,800"
"May 17, 2022",249.12,254.83,242.95,253.87,253.87,"80,236,200"
"May 16, 2022",255.72,256.59,239.70,241.46,241.46,"86,098,500"
"May 13, 2022",257.83,262.45,250.52,256.53,256.53,"92,150,700"
"May 12, 2022",233.67,253.22,226.67,242.67,242.67,"140,313,000"
"May 11, 2022",265.00,269.92,242.40,244.67,244.67,"97,224,600"
"May 10, 2022",273.10,275.12,258.08,266.68,266.68,"84,401,700"
"May 9, 2022",278.82,281.88,260.38,262.37,262.37,"90,810,300"
"May 6, 2022",295.67,296.00,281.04,288.55,288.55,"72,903,000"
"May 5, 2022",313.01,315.20,285.90,291.09,291.09,"92,519,100"
"May 4, 2022",301.31,318.50,295.09,317.54,317.54,"81,643,800"
"May 3, 2022",301.06,308.03,296.20,303.08,303.08,"63,709,500"
"May 2, 2022",286.92,302.12,282.68,300.98,300.98,"75,781,500"
"Apr 29, 2022",300.75,311.47,290.00,290.25,290.25,"88,133,100"
"Apr 28, 2022",299.99,300.00,273.90,292.50,292.50,"124,948,500"
"Apr 27, 2022",299.53,306.00,292.45,293.84,293.84,"76,956,300"
"Apr 26, 2022",331.81,333.33,291.67,292.14,292.14,"136,133,700"
"Apr 25, 2022",326.32,336.21,325.10,332.67,332.67,"68,341,200"
"Apr 22, 2022",338.30,344.95,331.33,335.02,335.02,"69,696,600"
"Apr 21, 2022",358.24,364.07,332.14,336.26,336.26,"105,416,400"
"Apr 20, 2022",343.33,344.67,325.08,325.73,325.73,"70,711,200"
"Apr 19, 2022",335.02,344.98,331.78,342.72,342.72,"49,847,700"
"Apr 18, 2022",329.68,338.31,324.47,334.76,334.76,"51,715,200"
"Apr 14, 2022",333.10,337.57,327.40,328.33,328.33,"58,422,300"
"Apr 13, 2022",327.03,342.08,324.37,340.79,340.79,"55,121,100"
"Apr 12, 2022",332.55,340.40,325.53,328.98,328.98,"65,976,000"
"Apr 11, 2022",326.80,336.16,324.88,325.31,325.31,"59,357,100"
"Apr 8, 2022",347.74,349.48,340.81,341.83,341.83,"55,013,700"
"Apr 7, 2022",350.80,358.86,340.51,352.42,352.42,"79,447,200"
"Apr 6, 2022",357.82,359.67,342.57,348.59,348.59,"89,348,400"
"Apr 5, 2022",378.77,384.29,362.43,363.75,363.75,"80,075,100"
"Apr 4, 2022",363.13,383.30,357.51,381.82,381.82,"82,035,900"
"Apr 1, 2022",360.38,364.92,355.55,361.53,361.53,"54,263,100"
"Mar 31, 2022",364.86,367.71,358.88,359.20,359.20,"48,992,700"
"Mar 30, 2022",363.72,371.32,361.33,364.66,364.66,"59,865,000"
"Mar 29, 2022",369.33,371.59,357.70,366.52,366.52,"73,614,900"
"Mar 28, 2022",355.03,365.96,351.20,363.95,363.95,"102,506,100"
"Mar 25, 2022",336.00,340.60,332.44,336.88,336.88,"62,031,600"
"Mar 24, 2022",336.58,341.50,329.60,337.97,337.97,"68,920,800"
"Mar 23, 2022",326.65,346.90,325.47,333.04,333.04,"120,676,200"
"Mar 22, 2022",310.00,332.62,307.25,331.33,331.33,"105,868,500"
"Mar 21, 2022",304.99,314.28,302.36,307.05,307.05,"81,981,600"
"Mar 18, 2022",291.50,302.62,289.13,301.80,301.80,"100,414,200"
"Mar 17, 2022",277.00,291.67,275.24,290.53,290.53,"66,582,900"
"Mar 16, 2022",269.67,280.67,267.42,280.08,280.08,"84,028,800"
"Mar 15, 2022",258.42,268.52,252.19,267.30,267.30,"66,841,200"
"Mar 14, 2022",260.20,266.90,252.01,255.46,255.46,"71,152,200"
"Mar 11, 2022",280.07,281.27,264.59,265.12,265.12,"67,037,100"
"Mar 10, 2022",283.82,284.82,270.12,279.43,279.43,"58,648,500"
"Mar 9, 2022",279.83,286.85,277.34,286.32,286.32,"59,184,000"
"Mar 8, 2022",265.18,283.33,260.72,274.80,274.80,"80,399,100"
"Mar 7, 2022",285.43,288.71,268.19,268.19,268.19,"72,494,100"
"Mar 4, 2022",283.03,285.22,275.05,279.43,279.43,"66,999,600"
"Mar 3, 2022",292.92,295.48,277.53,279.76,279.76,"61,623,600"
"Mar 2, 2022",290.71,295.49,281.42,293.30,293.30,"74,643,300"
"Mar 1, 2022",289.89,296.63,284.59,288.12,288.12,"74,766,900"
"Feb 28, 2022",271.67,292.29,271.57,290.14,290.14,"99,006,900"
"Feb 25, 2022",269.74,273.17,260.80,269.96,269.96,"76,067,700"
"Feb 24, 2022",233.46,267.49,233.33,266.92,266.92,"135,322,200"
"Feb 23, 2022",276.81,278.43,253.52,254.68,254.68,"95,256,900"
"Feb 22, 2022",278.04,285.58,267.03,273.84,273.84,"83,288,100"
"Feb 18, 2022",295.33,295.62,279.20,285.66,285.66,"68,501,700"
"Feb 17, 2022",304.42,306.17,291.37,292.12,292.12,"55,178,400"
"Feb 16, 2022",304.68,308.81,300.40,307.80,307.80,"51,294,300"
"Feb 15, 2022",300.00,307.67,297.79,307.48,307.48,"57,286,200"
"Feb 14, 2022",287.19,299.63,284.38,291.92,291.92,"67,756,500"
"Feb 11, 2022",303.21,305.32,283.57,286.67,286.67,"79,645,800"
"Feb 10, 2022",302.79,314.60,298.90,301.52,301.52,"66,126,900"
"Feb 9, 2022",311.67,315.42,306.67,310.67,310.67,"52,259,400"
"Feb 8, 2022",301.84,308.76,298.27,307.33,307.33,"50,729,100"
"Feb 7, 2022",307.93,315.92,300.90,302.45,302.45,"60,994,500"
"Feb 4, 2022",299.07,312.17,293.72,307.77,307.77,"73,625,400"
"Feb 3, 2022",294.00,312.33,293.51,297.05,297.05,"78,855,600"
"Feb 2, 2022",309.39,310.50,296.47,301.89,301.89,"66,792,900"
"Feb 1, 2022",311.74,314.57,301.67,310.42,310.42,"73,138,200"
"Jan 31, 2022",290.90,312.66,287.35,312.24,312.24,"104,436,000"
"Jan 28, 2022",277.19,285.83,264.00,282.12,282.12,"134,789,100"
"Jan 27, 2022",311.12,311.80,276.33,276.37,276.37,"147,109,500"
"Jan 26, 2022",317.48,329.23,302.00,312.47,312.47,"104,867,400"
"Jan 25, 2022",304.73,317.09,301.07,306.13,306.13,"86,595,900"
"Jan 24, 2022",301.59,311.17,283.82,310.00,310.00,"151,565,700"
"Jan 21, 2022",332.11,334.85,313.50,314.63,314.63,"103,416,000"
"Jan 20, 2022",336.58,347.22,331.33,332.09,332.09,"70,488,600"
"Jan 19, 2022",347.24,351.56,331.67,331.88,331.88,"75,442,500"
"Jan 18, 2022",342.20,356.93,338.69,343.50,343.50,"66,743,400"
"Jan 14, 2022",339.96,350.67,337.79,349.87,349.87,"72,924,300"
"Jan 13, 2022",369.69,371.87,342.18,343.85,343.85,"97,209,900"
"Jan 12, 2022",359.62,371.61,357.53,368.74,368.74,"83,739,000"
"Jan 11, 2022",351.22,358.62,346.27,354.80,354.80,"66,063,300"
"Jan 10, 2022",333.33,353.03,326.67,352.71,352.71,"91,815,000"
"Jan 7, 2022",360.12,360.31,336.67,342.32,342.32,"84,164,700"
"Jan 6, 2022",359.00,362.67,340.17,354.90,354.90,"90,336,600"
"Jan 5, 2022",382.22,390.11,360.34,362.71,362.71,"80,119,800"
"Jan 4, 2022",396.52,402.67,374.35,383.20,383.20,"100,248,300"
"Jan 3, 2022",382.58,400.36,378.68,399.93,399.93,"103,931,400"
"Dec 31, 2021",357.81,360.67,351.53,352.26,352.26,"40,733,700"
"Dec 30, 2021",353.78,365.18,351.05,356.78,356.78,"47,040,900"
"Dec 29, 2021",366.21,368.00,354.71,362.06,362.06,"56,154,000"
"Dec 28, 2021",369.83,373.00,359.47,362.82,362.82,"60,324,000"
"Dec 27, 2021",357.89,372.33,356.91,364.65,364.65,"71,145,900"
"Dec 23, 2021",335.60,357.66,332.52,355.67,355.67,"92,713,200"
"Dec 22, 2021",321.89,338.55,319.02,336.29,336.29,"93,634,200"
"Dec 21, 2021",305.62,313.17,295.37,312.84,312.84,"71,517,900"
"Dec 20, 2021",303.57,307.23,297.80,299.98,299.98,"56,480,100"
"Dec 17, 2021",304.92,320.22,303.01,310.86,310.86,"100,437,300"
"Dec 16, 2021",331.50,331.66,307.28,308.97,308.97,"82,771,500"
"Dec 15, 2021",317.74,326.25,309.42,325.33,325.33,"75,169,200"
"Dec 14, 2021",315.00,322.14,310.00,319.50,319.50,"70,806,300"
"Dec 13, 2021",333.70,335.00,317.14,322.14,322.14,"78,595,500"
"Dec 10, 2021",336.25,340.33,327.51,339.01,339.01,"59,664,300"
"Dec 9, 2021",353.55,354.16,334.12,334.60,334.60,"59,438,400"
"Dec 8, 2021",350.90,357.46,344.33,356.32,356.32,"41,906,400"
"Dec 7, 2021",348.07,352.56,342.27,350.58,350.58,"56,084,700"
"Dec 6, 2021",333.84,340.55,316.83,336.34,336.34,"81,663,000"
"Dec 3, 2021",361.60,363.53,333.40,338.32,338.32,"92,322,000"
"Dec 2, 2021",366.35,371.00,352.22,361.53,361.53,"73,114,800"
"Dec 1, 2021",386.90,390.95,363.59,365.00,365.00,"68,450,400"
"Nov 30, 2021",381.46,389.33,372.67,381.59,381.59,"81,276,000"
"Nov 29, 2021",367.00,380.89,366.73,379.00,379.00,"58,393,500"
"Nov 26, 2021",366.49,369.59,360.33,360.64,360.64,"35,042,700"
"Nov 24, 2021",360.13,377.59,354.00,372.00,372.00,"67,680,600"
"Nov 23, 2021",389.17,393.50,354.23,369.68,369.68,"108,515,100"
"Nov 22, 2021",387.44,400.65,377.48,385.62,385.62,"99,217,500"
"Nov 19, 2021",366.29,379.57,364.23,379.02,379.02,"64,926,900"
"Nov 18, 2021",368.85,370.67,358.34,365.46,365.46,"62,696,700"
"Nov 17, 2021",354.50,373.21,351.83,363.00,363.00,"94,336,200"
"Nov 16, 2021",334.44,352.40,334.06,351.58,351.58,"79,627,200"
"Nov 15, 2021",339.21,343.99,326.20,337.80,337.80,"104,326,800"
"Nov 12, 2021",349.17,351.50,339.73,344.47,344.47,"76,719,300"
"Nov 11, 2021",367.59,368.32,351.56,354.50,354.50,"67,189,800"
"Nov 10, 2021",336.80,359.37,329.10,355.98,355.98,"128,408,100"
"Nov 9, 2021",391.20,391.50,337.17,341.17,341.17,"177,317,400"
"Nov 8, 2021",383.26,399.00,377.67,387.65,387.65,"100,337,100"
"Nov 5, 2021",409.33,413.29,402.67,407.36,407.36,"64,886,400"
"Nov 4, 2021",411.47,414.50,405.67,409.97,409.97,"76,192,200"
"Nov 3, 2021",392.44,405.13,384.21,404.62,404.62,"103,885,500"
"Nov 2, 2021",386.45,402.86,382.00,390.67,390.67,"128,213,400"
"Nov 1, 2021",381.67,403.25,372.89,402.86,402.86,"168,146,100"
"Oct 29, 2021",360.62,371.74,357.74,371.33,371.33,"89,755,200"
"Oct 28, 2021",356.10,360.33,351.40,359.01,359.01,"81,639,600"
"Oct 27, 2021",346.55,356.96,343.59,345.95,345.95,"115,579,500"
"Oct 26, 2021",341.56,364.98,333.81,339.48,339.48,"187,245,000"
"Oct 25, 2021",316.84,348.34,314.73,341.62,341.62,"188,556,300"
"Oct 22, 2021",298.50,303.33,296.99,303.23,303.23,"68,642,400"
"Oct 21, 2021",285.33,300.00,285.17,298.00,298.00,"94,444,500"
"Oct 20, 2021",288.45,289.83,285.79,288.60,288.60,"42,096,300"
"Oct 19, 2021",292.51,292.65,287.50,288.09,288.09,"52,143,300"
"Oct 18, 2021",283.93,291.75,283.82,290.04,290.04,"72,621,600"
"Oct 15, 2021",274.58,281.07,274.12,281.01,281.01,"56,773,800"
"Oct 14, 2021",271.83,273.42,271.12,272.77,272.77,"36,741,600"
"Oct 13, 2021",270.16,271.80,268.59,270.36,270.36,"42,360,300"
"Oct 12, 2021",266.98,270.77,265.52,268.57,268.57,"66,060,000"
"Oct 11, 2021",262.55,267.08,261.83,263.98,263.98,"42,600,900"
"Oct 8, 2021",265.40,265.46,260.30,261.83,261.83,"50,215,800"
"Oct 7, 2021",261.82,268.33,261.13,264.54,264.54,"57,587,400"
"Oct 6, 2021",258.73,262.22,257.74,260.92,260.92,"43,898,400"
"Oct 5, 2021",261.60,265.77,258.07,260.20,260.20,"55,297,800"
"Oct 4, 2021",265.50,268.99,258.71,260.51,260.51,"91,449,900"
"Oct 1, 2021",259.47,260.26,254.53,258.41,258.41,"51,094,200"
"Sep 30, 2021",260.33,263.04,258.33,258.49,258.49,"53,868,000"
"Sep 29, 2021",259.93,264.50,256.89,260.44,260.44,"62,828,700"
"Sep 28, 2021",262.40,265.21,255.39,259.19,259.19,"76,144,200"
"Sep 27, 2021",257.71,266.33,256.44,263.79,263.79,"84,212,100"
"Sep 24, 2021",248.63,258.27,248.19,258.13,258.13,"64,119,000"
"Sep 23, 2021",251.67,252.73,249.31,251.21,251.21,"35,842,500"
"Sep 22, 2021",247.84,251.22,246.37,250.65,250.65,"45,378,900"
"Sep 21, 2021",244.93,248.25,243.48,246.46,246.46,"48,992,100"
"Sep 20, 2021",244.85,247.33,239.54,243.39,243.39,"74,273,100"
"Sep 17, 2021",252.38,253.68,250.00,253.16,253.16,"84,612,600"
"Sep 16, 2021",250.94,252.97,249.20,252.33,252.33,"41,770,200"
"Sep 15, 2021",248.33,252.29,246.12,251.94,251.94,"46,073,100"
"Sep 14, 2021",247.52,251.49,245.47,248.16,248.16,"55,574,700"
"Sep 13, 2021",246.74,248.26,236.28,247.67,247.67,"68,857,500"
"Sep 10, 2021",253.20,254.20,244.84,245.42,245.42,"45,552,600"
"Sep 9, 2021",251.14,254.03,250.54,251.62,251.62,"42,233,100"
"Sep 8, 2021",253.86,254.82,246.92,251.29,251.29,"56,379,000"
"Sep 7, 2021",246.67,253.40,246.42,250.97,250.97,"60,119,400"
"Sep 3, 2021",244.08,244.67,241.40,244.52,244.52,"45,738,300"
"Sep 2, 2021",244.83,246.99,243.51,244.13,244.13,"38,331,900"
"Sep 1, 2021",244.69,247.33,243.76,244.70,244.70,"39,612,900"
"Aug 31, 2021",244.33,246.80,242.15,245.24,245.24,"62,566,200"
"Aug 30, 2021",238.24,243.67,237.58,243.64,243.64,"55,812,600"
"Aug 27, 2021",235.00,238.33,234.03,237.31,237.31,"41,501,400"
"Aug 26, 2021",236.10,238.47,232.54,233.72,233.72,"39,642,900"
"Aug 25, 2021",235.68,238.99,234.67,237.07,237.07,"37,936,800"
"Aug 24, 2021",236.89,238.41,234.21,236.16,236.16,"39,249,300"
"Aug 23, 2021",228.48,237.38,226.92,235.43,235.43,"60,794,700"
"Aug 20, 2021",227.62,230.71,224.57,226.75,226.75,"44,525,700"
"Aug 19, 2021",226.07,228.85,222.53,224.49,224.49,"42,940,500"
"Aug 18, 2021",223.25,231.92,223.12,229.66,229.66,"61,048,200"
"Aug 17, 2021",224.22,224.86,216.28,221.90,221.90,"71,163,900"
"Aug 16, 2021",235.02,236.50,225.47,228.72,228.72,"68,032,200"
"Aug 13, 2021",241.24,243.30,238.11,239.06,239.06,"50,194,500"
"Aug 12, 2021",235.45,240.93,233.13,240.75,240.75,"52,377,300"
"Aug 11, 2021",237.57,238.39,234.74,235.94,235.94,"29,401,800"
"Aug 10, 2021",238.00,238.86,233.96,236.66,236.66,"40,296,900"
"Aug 9, 2021",236.72,239.68,235.04,237.92,237.92,"44,145,900"
"Aug 6, 2021",237.30,238.78,232.54,233.03,233.03,"46,869,000"
"Aug 5, 2021",238.67,240.32,237.14,238.21,238.21,"38,758,800"
"Aug 4, 2021",237.00,241.63,236.31,236.97,236.97,"51,007,800"
"Aug 3, 2021",239.67,240.88,233.67,236.58,236.58,"64,860,900"
"Aug 2, 2021",233.33,242.31,232.80,236.56,236.56,"100,847,400"
"Jul 30, 2021",223.92,232.51,223.00,229.07,229.07,"88,969,200"
"Jul 29, 2021",216.60,227.90,216.27,225.78,225.78,"91,183,800"
"Jul 28, 2021",215.67,218.32,213.13,215.66,215.66,"48,019,800"
"Jul 27, 2021",221.13,222.17,209.08,214.93,214.93,"98,439,900"
"Jul 26, 2021",216.99,222.73,215.70,219.21,219.21,"76,009,800"
"Jul 23, 2021",215.45,216.27,212.43,214.46,214.46,"43,814,700"
"Jul 22, 2021",218.81,220.72,214.87,216.42,216.42,"45,317,100"
"Jul 21, 2021",219.87,221.62,216.76,218.43,218.43,"41,859,900"
"Jul 20, 2021",217.33,220.80,213.50,220.17,220.17,"46,461,300"
"Jul 19, 2021",209.96,215.73,207.10,215.41,215.41,"63,891,300"
"Jul 16, 2021",218.23,218.90,214.07,214.74,214.74,"49,113,000"
"Jul 15, 2021",219.46,222.05,212.63,216.87,216.87,"60,628,800"
"Jul 14, 2021",223.58,226.20,217.61,217.79,217.79,"64,923,600"
"Jul 13, 2021",228.77,231.09,222.10,222.85,222.85,"62,898,300"
"Jul 12, 2021",220.73,229.08,220.72,228.57,228.57,"77,781,000"
"Jul 9, 2021",217.73,219.64,214.90,218.98,218.98,"54,421,500"
"Jul 8, 2021",209.46,218.14,206.82,217.60,217.60,"68,319,900"
"Jul 7, 2021",221.42,221.90,212.77,214.88,214.88,"56,376,000"
"Jul 6, 2021",227.24,228.00,217.13,219.86,219.86,"69,853,500"
"Jul 2, 2021",226.33,233.33,224.42,226.30,226.30,"81,163,500"
"Jul 1, 2021",227.97,229.33,224.27,225.97,225.97,"55,903,500"
"Jun 30, 2021",226.59,230.94,226.05,226.57,226.57,"56,774,700"
"Jun 29, 2021",228.22,229.17,225.30,226.92,226.92,"52,143,900"
"Jun 28, 2021",223.88,231.57,223.44,229.57,229.57,"64,884,600"
"Jun 25, 2021",229.86,231.27,222.90,223.96,223.96,"97,490,100"
"Jun 24, 2021",225.00,232.54,222.54,226.61,226.61,"137,947,200"
"Jun 23, 2021",210.67,219.07,210.01,218.86,218.86,"93,297,600"
"Jun 22, 2021",206.08,209.52,205.17,207.90,207.90,"57,476,700"
"Jun 21, 2021",208.16,210.46,202.96,206.94,206.94,"74,438,100"
"Jun 18, 2021",204.46,209.45,203.93,207.77,207.77,"73,682,700"
"Jun 17, 2021",200.63,207.16,200.45,205.53,205.53,"68,104,200"
"Jun 16, 2021",199.18,202.83,197.83,201.62,201.62,"66,432,300"
"Jun 15, 2021",205.56,205.60,199.41,199.79,199.79,"53,292,300"
"Jun 14, 2021",204.08,208.50,203.06,205.90,205.90,"61,272,000"
"Jun 11, 2021",203.41,204.19,200.51,203.30,203.30,"48,615,900"
"Jun 10, 2021",201.29,205.53,200.17,203.37,203.37,"71,758,800"
"Jun 9, 2021",200.72,203.93,199.21,199.59,199.59,"49,753,800"
"Jun 8, 2021",207.67,207.70,198.50,201.20,201.20,"78,160,200"
"Jun 7, 2021",197.28,203.33,194.29,201.71,201.71,"67,631,100"
"Jun 4, 2021",193.24,200.20,192.40,199.68,199.68,"72,110,700"
"Jun 3, 2021",200.60,201.52,190.41,190.95,190.95,"90,335,700"
"Jun 2, 2021",206.71,207.79,199.71,201.71,201.71,"69,908,400"
"Jun 1, 2021",209.27,211.27,206.85,207.97,207.97,"54,254,700"
"May 28, 2021",209.50,211.86,207.46,208.41,208.41,"68,211,000"
"May 27, 2021",206.75,210.38,205.40,210.28,210.28,"79,111,800"
"May 26, 2021",202.52,208.72,200.50,206.38,206.38,"85,917,900"
"May 25, 2021",202.44,204.66,198.57,201.56,201.56,"84,017,700"
"May 24, 2021",193.87,204.83,191.22,202.15,202.15,"103,674,300"
"May 21, 2021",198.70,198.89,193.33,193.63,193.63,"78,091,800"
"May 20, 2021",191.67,196.28,190.36,195.59,195.59,"92,463,300"
"May 19, 2021",184.18,188.74,182.33,187.82,187.82,"118,735,200"
"May 18, 2021",189.33,198.75,187.79,192.62,192.62,"110,491,800"
"May 17, 2021",191.85,196.58,187.07,192.28,192.28,"97,171,200"
"May 14, 2021",194.47,197.62,190.15,196.58,196.58,"100,112,700"
"May 13, 2021",200.51,202.15,186.55,190.56,190.56,"132,554,700"
"May 12, 2021",200.83,206.80,195.59,196.63,196.63,"101,470,800"
"May 11, 2021",199.75,209.03,198.53,205.73,205.73,"139,511,700"
"May 10, 2021",221.63,221.68,209.20,209.68,209.68,"94,177,200"
"May 7, 2021",221.93,230.00,220.07,224.12,224.12,"70,407,600"
"May 6, 2021",226.92,227.01,216.67,221.18,221.18,"83,353,800"
"May 5, 2021",227.02,228.43,222.45,223.65,223.65,"65,705,700"
"May 4, 2021",226.31,227.82,219.23,224.53,224.53,"89,217,900"
"May 3, 2021",234.60,235.33,226.83,228.30,228.30,"81,129,300"
"Apr 30, 2021",222.53,238.49,222.05,236.48,236.48,"122,276,100"
"Apr 29, 2021",233.17,234.08,222.83,225.67,225.67,"86,536,200"
"Apr 28, 2021",232.14,236.17,231.20,231.47,231.47,"66,813,000"
"Apr 27, 2021",239.32,241.33,234.45,234.91,234.91,"88,311,000"
"Apr 26, 2021",247.00,249.77,244.20,246.07,246.07,"93,115,500"
"Apr 23, 2021",239.93,245.79,238.49,243.13,243.13,"85,110,000"
"Apr 22, 2021",247.17,251.26,239.35,239.90,239.90,"106,770,900"
"Apr 21, 2021",234.92,248.28,232.67,248.04,248.04,"93,646,500"
"Apr 20, 2021",239.14,245.75,236.90,239.66,239.66,"106,827,000"
"Apr 19, 2021",239.87,241.80,230.60,238.21,238.21,"119,058,600"
"Apr 16, 2021",242.88,249.80,241.53,246.59,246.59,"83,938,500"
"Apr 15, 2021",247.70,247.90,240.44,246.28,246.28,"83,546,700"
"Apr 14, 2021",256.90,260.26,242.68,244.08,244.08,"147,052,200"
"Apr 13, 2021",237.57,254.33,236.89,254.11,254.11,"133,958,400"
"Apr 12, 2021",228.57,234.93,227.36,233.99,233.99,"87,407,100"
"Apr 9, 2021",225.92,226.99,223.14,225.67,225.67,"64,311,300"
"Apr 8, 2021",225.79,229.85,223.88,227.93,227.93,"71,772,900"
"Apr 7, 2021",229.00,230.46,222.61,223.66,223.66,"78,928,200"
"Apr 6, 2021",230.10,232.18,227.12,230.54,230.54,"84,815,400"
"Apr 5, 2021",235.90,236.05,228.23,230.35,230.35,"125,528,400"
"Apr 1, 2021",229.46,230.81,219.81,220.58,220.58,"105,895,200"
"Mar 31, 2021",215.54,224.00,213.70,222.64,222.64,"100,011,900"
"Mar 30, 2021",200.58,212.55,197.00,211.87,211.87,"118,297,200"
"Mar 29, 2021",205.21,205.49,198.67,203.76,203.76,"85,911,000"
"Mar 26, 2021",213.96,214.61,199.96,206.24,206.24,"101,558,400"
"Mar 25, 2021",204.33,215.17,203.17,213.46,213.46,"117,674,700"
"Mar 24, 2021",222.64,222.67,210.04,210.09,210.09,"101,385,600"
"Mar 23, 2021",225.26,225.93,219.17,220.72,220.72,"91,475,700"
"Mar 22, 2021",228.20,233.21,222.92,223.33,223.33,"118,536,600"
"Mar 19, 2021",215.53,219.08,208.21,218.29,218.29,"128,682,000"
"Mar 18, 2021",228.10,229.74,217.33,217.72,217.72,"99,674,400"
"Mar 17, 2021",218.96,234.58,217.00,233.94,233.94,"121,117,500"
"Mar 16, 2021",234.45,235.97,223.67,225.63,225.63,"96,587,100"
"Mar 15, 2021",231.36,237.73,228.01,235.98,235.98,"88,006,800"
"Mar 12, 2021",223.33,231.63,222.05,231.24,231.24,"100,751,400"
"Mar 11, 2021",233.13,234.17,225.73,233.20,233.20,"108,761,700"
"Mar 10, 2021",233.43,239.28,218.35,222.69,222.69,"181,817,100"
"Mar 9, 2021",202.73,226.03,198.40,224.53,224.53,"202,569,900"
"Mar 8, 2021",200.18,206.71,186.26,187.67,187.67,"155,361,000"
"Mar 5, 2021",208.69,209.28,179.83,199.32,199.32,"268,189,500"
"Mar 4, 2021",218.60,222.82,200.00,207.15,207.15,"197,758,500"
"Mar 3, 2021",229.33,233.57,217.24,217.73,217.73,"90,624,000"
"Mar 2, 2021",239.43,240.37,228.33,228.81,228.81,"71,196,600"
"Mar 1, 2021",230.04,239.67,228.35,239.48,239.48,"81,408,600"
"Feb 26, 2021",233.33,235.57,219.84,225.17,225.17,"123,267,600"
"Feb 25, 2021",242.05,245.74,223.53,227.41,227.41,"117,071,700"
"Feb 24, 2021",237.28,248.33,231.39,247.34,247.34,"110,301,000"
"Feb 23, 2021",220.71,237.87,206.33,232.95,232.95,"199,820,700"
"Feb 22, 2021",254.21,256.17,236.73,238.17,238.17,"111,809,100"
"Feb 19, 2021",265.00,265.60,259.12,260.43,260.43,"56,874,900"
"Feb 18, 2021",260.30,264.90,258.76,262.46,262.46,"53,871,300"
"Feb 17, 2021",259.70,266.61,254.00,266.05,266.05,"77,989,500"
"Feb 16, 2021",272.67,273.67,264.15,265.41,265.41,"59,406,900"
"Feb 12, 2021",267.09,272.44,261.78,272.04,272.04,"71,304,900"
"Feb 11, 2021",270.81,276.63,267.24,270.55,270.55,"64,868,400"
"Feb 10, 2021",281.21,281.61,266.67,268.27,268.27,"108,648,300"
"Feb 9, 2021",285.04,286.60,280.58,283.15,283.15,"45,473,100"
"Feb 8, 2021",289.89,292.59,284.92,287.81,287.81,"60,485,100"
"Feb 5, 2021",281.67,288.26,279.66,284.08,284.08,"55,699,800"
"Feb 4, 2021",285.00,285.50,277.81,283.33,283.33,"47,438,100"
"Feb 3, 2021",292.34,292.69,284.35,284.90,284.90,"55,030,500"
"Feb 2, 2021",281.56,293.50,280.73,290.93,290.93,"73,038,600"
"Feb 1, 2021",271.43,280.67,265.19,279.94,279.94,"76,174,200"
"Jan 29, 2021",276.67,280.80,260.03,264.51,264.51,"104,972,400"
"Jan 28, 2021",273.33,282.67,267.00,278.48,278.48,"79,134,000"
"Jan 27, 2021",290.12,297.17,286.22,288.05,288.05,"82,002,000"
"Jan 26, 2021",297.13,298.63,290.53,294.36,294.36,"69,394,800"
"Jan 25, 2021",285.00,300.13,279.61,293.60,293.60,"123,520,200"
"Jan 22, 2021",278.10,282.67,276.21,282.21,282.21,"60,199,500"
"Jan 21, 2021",285.00,285.24,280.47,281.66,281.66,"61,563,300"
"Jan 20, 2021",286.25,286.50,279.09,283.48,283.48,"76,997,700"
"Jan 19, 2021",279.27,283.33,277.67,281.52,281.52,"76,101,000"
"Jan 15, 2021",284.00,286.63,273.03,275.39,275.39,"116,332,800"
"Jan 14, 2021",281.13,287.67,279.58,281.67,281.67,"93,798,900"
"Jan 13, 2021",284.25,286.82,277.33,284.80,284.80,"99,937,500"
"Jan 12, 2021",277.00,289.33,275.78,283.15,283.15,"138,812,100"
"Jan 11, 2021",283.13,284.81,267.87,270.40,270.40,"177,904,800"
"Jan 8, 2021",285.33,294.83,279.46,293.34,293.34,"225,166,500"
"Jan 7, 2021",259.21,272.33,258.40,272.01,272.01,"154,496,700"
"Jan 6, 2021",252.83,258.00,249.70,251.99,251.99,"134,100,000"
"Jan 5, 2021",241.22,246.95,239.73,245.04,245.04,"96,735,600"
"Jan 4, 2021",239.82,248.16,239.06,243.26,243.26,"145,914,600"
